{
	"Builds": {
		"Blood-Blade": {
			"DPS": 7337.978885643264,
			"Generations": 1174 
		},
		"Blood-Fist": {
			"DPS": 7387.02981821696,
			"Generations": 1174 
		},
		"Blood-Hammer": {
			"DPS": 7543.467276882596,
			"Generations": 1174 
		},
		"Chaos-Blade": {
			"DPS": 7305.376611090766,
			"Generations": 1174 
		},
		"Chaos-Blood": {
			"DPS": 7332.773847825792,
			"Generations": 1174 
		},
		"Chaos-Fist": {
			"DPS": 7303.068521948921,
			"Generations": 1174 
		},
		"Chaos-Hammer": {
			"DPS": 7691.162093794081,
			"Generations": 1174 
		},
		"Elemental-Blade": {
			"DPS": 8063.12581876119,
			"Generations": 1174 
		},
		"Elemental-Blood": {
			"DPS": 8499.491326090494,
			"Generations": 1174 
		},
		"Elemental-Chaos": {
			"DPS": 8213.758933817546,
			"Generations": 1174 
		},
		"Elemental-Fist": {
			"DPS": 8376.503081063165,
			"Generations": 1174 
		},
		"Elemental-Hammer": {
			"DPS": 8625.491531906127,
			"Generations": 1174 
		},
		"Fist-Blade": {
			"DPS": 7735.763216790093,
			"Generations": 1174 
		},
		"Hammer-Blade": {
			"DPS": 7584.52348666015,
			"Generations": 1174 
		},
		"Hammer-Fist": {
			"DPS": 7640.229444257948,
			"Generations": 1174 
		},
		"Pistol-Blade": {
			"DPS": 7283.722764078776,
			"Generations": 1174 
		},
		"Pistol-Blood": {
			"DPS": 7145.581657079061,
			"Generations": 1174 
		},
		"Pistol-Chaos": {
			"DPS": 6804.431296004615,
			"Generations": 1174 
		},
		"Pistol-Elemental": {
			"DPS": 8129.531338636611,
			"Generations": 1174 
		},
		"Pistol-Fist": {
			"DPS": 6885.327375912137,
			"Generations": 1174 
		},
		"Pistol-Hammer": {
			"DPS": 7535.927216627333,
			"Generations": 1174 
		},
		"Pistol-Rifle": {
			"DPS": 6898.657056986491,
			"Generations": 1174 
		},
		"Rifle-Blade": {
			"DPS": 7104.263045003661,
			"Generations": 1174 
		},
		"Rifle-Blood": {
			"DPS": 7232.129520532755,
			"Generations": 1174 
		},
		"Rifle-Chaos": {
			"DPS": 7310.795200364854,
			"Generations": 1174 
		},
		"Rifle-Elemental": {
			"DPS": 8234.059668078953,
			"Generations": 1174 
		},
		"Rifle-Fist": {
			"DPS": 7289.969556274414,
			"Generations": 1174 
		},
		"Rifle-Hammer": {
			"DPS": 7325.407006378174,
			"Generations": 1174 
		},
		"Shotgun-Blade": {
			"DPS": 7114.104688991971,
			"Generations": 1174 
		},
		"Shotgun-Blood": {
			"DPS": 7193.022610897488,
			"Generations": 1174 
		},
		"Shotgun-Chaos": {
			"DPS": 7115.320644819471,
			"Generations": 1174 
		},
		"Shotgun-Elemental": {
			"DPS": 7891.426767400106,
			"Generations": 1174 
		},
		"Shotgun-Fist": {
			"DPS": 7230.035495724148,
			"Generations": 1174 
		},
		"Shotgun-Hammer": {
			"DPS": 7447.543527857462,
			"Generations": 1174 
		},
		"Shotgun-Pistol": {
			"DPS": 6915.393271244703,
			"Generations": 1174 
		},
		"Shotgun-Rifle": {
			"DPS": 7046.835677202012,
			"Generations": 1174 
		} 
	},
	"Scenario": "budget",
	"Statistics": {
		"Passives": {
			"Brawler": 3,
			"Elemental Force": 30,
			"Fever Pitch": 2,
			"Fortunate Strike": 30,
			"Gnosis": 3,
			"Iron Maiden": 36,
			"Lethality": 7,
			"Live Wire": 33,
			"One In The Chamber": 36,
			"Sudden Return": 33,
			"Third Degree": 31,
			"Thunderstruck": 3,
			"Twist The Knife": 5 
		},
		"Stats": {
			"Crit": 697.5833333333334,
			"CritPower": 368.4722222222222,
			"Hit": 506.875,
			"Pen": 671.1527777777778 
		} 
	} 
} 
