{
	"Builds": {
		"Blood-Blade": {
			"DPS": 7429.129659084496,
			"Generations": 1867 
		},
		"Blood-Fist": {
			"DPS": 7412.104517222087,
			"Generations": 1867 
		},
		"Blood-Hammer": {
			"DPS": 7566.11452460734,
			"Generations": 1867 
		},
		"Chaos-Blade": {
			"DPS": 7406.963359147813,
			"Generations": 1867 
		},
		"Chaos-Blood": {
			"DPS": 7343.209357557509,
			"Generations": 1867 
		},
		"Chaos-Fist": {
			"DPS": 7431.286732876248,
			"Generations": 1867 
		},
		"Chaos-Hammer": {
			"DPS": 7629.203598480224,
			"Generations": 1867 
		},
		"Elemental-Blade": {
			"DPS": 8203.035949147543,
			"Generations": 1867 
		},
		"Elemental-Blood": {
			"DPS": 8585.350198377821,
			"Generations": 1867 
		},
		"Elemental-Chaos": {
			"DPS": 8225.612550889757,
			"Generations": 1867 
		},
		"Elemental-Fist": {
			"DPS": 8409.067652123345,
			"Generations": 1867 
		},
		"Elemental-Hammer": {
			"DPS": 8623.702680319891,
			"Generations": 1867 
		},
		"Fist-Blade": {
			"DPS": 7486.315898844401,
			"Generations": 1867 
		},
		"Hammer-Blade": {
			"DPS": 7571.503808432908,
			"Generations": 1867 
		},
		"Hammer-Fist": {
			"DPS": 7760.980336256239,
			"Generations": 1867 
		},
		"Pistol-Blade": {
			"DPS": 7266.095562611898,
			"Generations": 1867 
		},
		"Pistol-Blood": {
			"DPS": 7238.650768917508,
			"Generations": 1867 
		},
		"Pistol-Chaos": {
			"DPS": 6922.49600124783,
			"Generations": 1867 
		},
		"Pistol-Elemental": {
			"DPS": 8323.346631902059,
			"Generations": 1867 
		},
		"Pistol-Fist": {
			"DPS": 7105.896312391493,
			"Generations": 1867 
		},
		"Pistol-Hammer": {
			"DPS": 7592.690243844057,
			"Generations": 1867 
		},
		"Pistol-Rifle": {
			"DPS": 7071.865814368354,
			"Generations": 1867 
		},
		"Rifle-Blade": {
			"DPS": 7261.338672004451,
			"Generations": 1867 
		},
		"Rifle-Blood": {
			"DPS": 7340.424070275864,
			"Generations": 1867 
		},
		"Rifle-Chaos": {
			"DPS": 7260.834007832845,
			"Generations": 1867 
		},
		"Rifle-Elemental": {
			"DPS": 8245.516251444498,
			"Generations": 1867 
		},
		"Rifle-Fist": {
			"DPS": 7322.187784193251,
			"Generations": 1867 
		},
		"Rifle-Hammer": {
			"DPS": 7374.437978033012,
			"Generations": 1867 
		},
		"Shotgun-Blade": {
			"DPS": 7142.996495625814,
			"Generations": 1867 
		},
		"Shotgun-Blood": {
			"DPS": 7321.806333736844,
			"Generations": 1867 
		},
		"Shotgun-Chaos": {
			"DPS": 7196.465120249431,
			"Generations": 1867 
		},
		"Shotgun-Elemental": {
			"DPS": 8007.531807162814,
			"Generations": 1867 
		},
		"Shotgun-Fist": {
			"DPS": 7319.00677831014,
			"Generations": 1867 
		},
		"Shotgun-Hammer": {
			"DPS": 7310.133752404107,
			"Generations": 1867 
		},
		"Shotgun-Pistol": {
			"DPS": 6972.554319060117,
			"Generations": 1867 
		},
		"Shotgun-Rifle": {
			"DPS": 7062.112707326253,
			"Generations": 1867 
		} 
	},
	"Scenario": "budget",
	"Statistics": {
		"Passives": {
			"Brawler": 5,
			"Elemental Force": 33,
			"Fever Pitch": 2,
			"Fortunate Strike": 29,
			"Gnosis": 1,
			"Iron Maiden": 36,
			"Lethality": 5,
			"Live Wire": 35,
			"One In The Chamber": 36,
			"Sudden Return": 33,
			"Third Degree": 30,
			"Thunderstruck": 1,
			"Twist The Knife": 6 
		},
		"Stats": {
			"Crit": 737.8055555555555,
			"CritPower": 304.9444444444445,
			"Hit": 492.875,
			"Pen": 711.1111111111111 
		} 
	} 
} 
