{
	"Builds": {
		"Blood-Blade": {
			"DPS": 10961.01922829492,
			"Generations": 2152 
		},
		"Blood-Fist": {
			"DPS": 10706.8297810219,
			"Generations": 2152 
		},
		"Blood-Hammer": {
			"DPS": 10929.64334542334,
			"Generations": 2152 
		},
		"Chaos-Blade": {
			"DPS": 10750.80021120278,
			"Generations": 2152 
		},
		"Chaos-Blood": {
			"DPS": 10765.97183434435,
			"Generations": 2152 
		},
		"Chaos-Fist": {
			"DPS": 10737.65642074518,
			"Generations": 2152 
		},
		"Chaos-Hammer": {
			"DPS": 11122.81303943317,
			"Generations": 2152 
		},
		"Elemental-Blade": {
			"DPS": 11256.20144285149,
			"Generations": 2152 
		},
		"Elemental-Blood": {
			"DPS": 11611.87676371643,
			"Generations": 2152 
		},
		"Elemental-Chaos": {
			"DPS": 10965.80490689332,
			"Generations": 2152 
		},
		"Elemental-Fist": {
			"DPS": 11369.90788781114,
			"Generations": 2152 
		},
		"Elemental-Hammer": {
			"DPS": 11551.47154850736,
			"Generations": 2152 
		},
		"Fist-Blade": {
			"DPS": 11632.38731308253,
			"Generations": 2152 
		},
		"Hammer-Blade": {
			"DPS": 11435.86136087548,
			"Generations": 2152 
		},
		"Hammer-Fist": {
			"DPS": 11373.13934384267,
			"Generations": 2152 
		},
		"Pistol-Blade": {
			"DPS": 11048.67444622498,
			"Generations": 2152 
		},
		"Pistol-Blood": {
			"DPS": 9941.541072511547,
			"Generations": 2152 
		},
		"Pistol-Chaos": {
			"DPS": 9725.757349974694,
			"Generations": 2152 
		},
		"Pistol-Elemental": {
			"DPS": 10914.69475194446,
			"Generations": 2152 
		},
		"Pistol-Fist": {
			"DPS": 9940.810959784172,
			"Generations": 2152 
		},
		"Pistol-Hammer": {
			"DPS": 10458.22527664162,
			"Generations": 2152 
		},
		"Pistol-Rifle": {
			"DPS": 9665.026356529068,
			"Generations": 2152 
		},
		"Rifle-Blade": {
			"DPS": 10673.42513906889,
			"Generations": 2152 
		},
		"Rifle-Blood": {
			"DPS": 10259.86177770372,
			"Generations": 2152 
		},
		"Rifle-Chaos": {
			"DPS": 10033.67070855134,
			"Generations": 2152 
		},
		"Rifle-Elemental": {
			"DPS": 10975.17249882741,
			"Generations": 2152 
		},
		"Rifle-Fist": {
			"DPS": 10224.08425053996,
			"Generations": 2152 
		},
		"Rifle-Hammer": {
			"DPS": 10799.37026347496,
			"Generations": 2152 
		},
		"Shotgun-Blade": {
			"DPS": 10528.96595065864,
			"Generations": 2152 
		},
		"Shotgun-Blood": {
			"DPS": 10420.18060012261,
			"Generations": 2152 
		},
		"Shotgun-Chaos": {
			"DPS": 10249.67325997056,
			"Generations": 2152 
		},
		"Shotgun-Elemental": {
			"DPS": 10328.72520635771,
			"Generations": 2152 
		},
		"Shotgun-Fist": {
			"DPS": 10785.5746240573,
			"Generations": 2152 
		},
		"Shotgun-Hammer": {
			"DPS": 11041.5809695243,
			"Generations": 2152 
		},
		"Shotgun-Pistol": {
			"DPS": 10103.92562213625,
			"Generations": 2152 
		},
		"Shotgun-Rifle": {
			"DPS": 9618.299926807709,
			"Generations": 2152 
		} 
	},
	"Scenario": "burst",
	"Statistics": {
		"Passives": {
			"Brawler": 20,
			"Elemental Force": 30,
			"Ferocity": 2,
			"Fortunate Strike": 21,
			"Invasive Measures": 3,
			"Iron Maiden": 36,
			"Lethality": 3,
			"Live Wire": 17,
			"One In The Chamber": 36,
			"Sudden Return": 35,
			"Third Degree": 24,
			"Thunderstruck": 19,
			"Twist The Knife": 6 
		},
		"Stats": {
			"Crit": 774.8194444444445,
			"CritPower": 377.4444444444445,
			"Hit": 581.5277777777778,
			"Pen": 718.9722222222222 
		} 
	} 
} 
