{
	"Builds": {
		"Blood-Blade": {
			"DPS": 5598.547369582173,
			"Generations": 1927 
		},
		"Blood-Fist": {
			"DPS": 5415.523373308369,
			"Generations": 1927 
		},
		"Blood-Hammer": {
			"DPS": 5743.593840498082,
			"Generations": 1927 
		},
		"Chaos-Blade": {
			"DPS": 5208.102081560903,
			"Generations": 1927 
		},
		"Chaos-Blood": {
			"DPS": 5145.95311416626,
			"Generations": 1927 
		},
		"Chaos-Fist": {
			"DPS": 5320.194623024136,
			"Generations": 1927 
		},
		"Chaos-Hammer": {
			"DPS": 5578.692480235381,
			"Generations": 1927 
		},
		"Elemental-Blade": {
			"DPS": 5508.863413672354,
			"Generations": 1927 
		},
		"Elemental-Blood": {
			"DPS": 5994.49100746454,
			"Generations": 1927 
		},
		"Elemental-Chaos": {
			"DPS": 5808.814764115577,
			"Generations": 1927 
		},
		"Elemental-Fist": {
			"DPS": 5807.640135960299,
			"Generations": 1927 
		},
		"Elemental-Hammer": {
			"DPS": 5994.654757053151,
			"Generations": 1927 
		},
		"Fist-Blade": {
			"DPS": 5358.981320055794,
			"Generations": 1927 
		},
		"Hammer-Blade": {
			"DPS": 5374.322420358097,
			"Generations": 1927 
		},
		"Hammer-Fist": {
			"DPS": 5447.252046972537,
			"Generations": 1927 
		},
		"Pistol-Blade": {
			"DPS": 5492.938908664747,
			"Generations": 1927 
		},
		"Pistol-Blood": {
			"DPS": 5331.330896573534,
			"Generations": 1927 
		},
		"Pistol-Chaos": {
			"DPS": 5355.899933565717,
			"Generations": 1927 
		},
		"Pistol-Elemental": {
			"DPS": 5794.256279542213,
			"Generations": 1927 
		},
		"Pistol-Fist": {
			"DPS": 5393.526257057938,
			"Generations": 1927 
		},
		"Pistol-Hammer": {
			"DPS": 5685.8577205643,
			"Generations": 1927 
		},
		"Pistol-Rifle": {
			"DPS": 5191.40083996941,
			"Generations": 1927 
		},
		"Rifle-Blade": {
			"DPS": 5095.511448633531,
			"Generations": 1927 
		},
		"Rifle-Blood": {
			"DPS": 5418.893164544199,
			"Generations": 1927 
		},
		"Rifle-Chaos": {
			"DPS": 5346.568984255323,
			"Generations": 1927 
		},
		"Rifle-Elemental": {
			"DPS": 5741.199059689092,
			"Generations": 1927 
		},
		"Rifle-Fist": {
			"DPS": 5508.468850408816,
			"Generations": 1927 
		},
		"Rifle-Hammer": {
			"DPS": 5509.850873849906,
			"Generations": 1927 
		},
		"Shotgun-Blade": {
			"DPS": 5003.20895069056,
			"Generations": 1927 
		},
		"Shotgun-Blood": {
			"DPS": 5384.722992879831,
			"Generations": 1927 
		},
		"Shotgun-Chaos": {
			"DPS": 5249.083525534237,
			"Generations": 1927 
		},
		"Shotgun-Elemental": {
			"DPS": 5588.432859833661,
			"Generations": 1927 
		},
		"Shotgun-Fist": {
			"DPS": 5268.848008258296,
			"Generations": 1927 
		},
		"Shotgun-Hammer": {
			"DPS": 5467.574999533261,
			"Generations": 1927 
		},
		"Shotgun-Pistol": {
			"DPS": 5084.682587066352,
			"Generations": 1927 
		},
		"Shotgun-Rifle": {
			"DPS": 5024.285844921037,
			"Generations": 1927 
		} 
	},
	"Scenario": "dummy",
	"Statistics": {
		"Passives": {
			"Brawler": 7,
			"Elemental Force": 32,
			"Fortunate Strike": 28,
			"Gnosis": 1,
			"Invasive Measures": 1,
			"Iron Maiden": 36,
			"Lethality": 13,
			"Live Wire": 26,
			"One In The Chamber": 34,
			"Sudden Return": 24,
			"Third Degree": 28,
			"Thunderstruck": 10,
			"Twist The Knife": 12 
		},
		"Stats": {
			"Crit": 1060.430555555556,
			"CritPower": 586.2222222222222,
			"Hit": 361.7638888888889,
			"Pen": 365.4583333333333 
		} 
	} 
} 
