{
	"Builds": {
		"Blood-Blade": {
			"DPS": 5605.247656706943,
			"Generations": 2157 
		},
		"Blood-Fist": {
			"DPS": 5427.946953229356,
			"Generations": 2157 
		},
		"Blood-Hammer": {
			"DPS": 5725.265111689075,
			"Generations": 2157 
		},
		"Chaos-Blade": {
			"DPS": 5200.290385775903,
			"Generations": 2157 
		},
		"Chaos-Blood": {
			"DPS": 5153.909835797014,
			"Generations": 2157 
		},
		"Chaos-Fist": {
			"DPS": 5348.574133846239,
			"Generations": 2157 
		},
		"Chaos-Hammer": {
			"DPS": 5554.415482730208,
			"Generations": 2157 
		},
		"Elemental-Blade": {
			"DPS": 5499.552620931165,
			"Generations": 2157 
		},
		"Elemental-Blood": {
			"DPS": 5988.175395389425,
			"Generations": 2157 
		},
		"Elemental-Chaos": {
			"DPS": 5804.395163924995,
			"Generations": 2157 
		},
		"Elemental-Fist": {
			"DPS": 5800.623832482524,
			"Generations": 2157 
		},
		"Elemental-Hammer": {
			"DPS": 5993.446631507435,
			"Generations": 2157 
		},
		"Fist-Blade": {
			"DPS": 5358.7617721733,
			"Generations": 2157 
		},
		"Hammer-Blade": {
			"DPS": 5377.594872013838,
			"Generations": 2157 
		},
		"Hammer-Fist": {
			"DPS": 5415.925757791804,
			"Generations": 2157 
		},
		"Pistol-Blade": {
			"DPS": 5543.019956699091,
			"Generations": 2157 
		},
		"Pistol-Blood": {
			"DPS": 5328.058711985445,
			"Generations": 2157 
		},
		"Pistol-Chaos": {
			"DPS": 5346.731878719256,
			"Generations": 2157 
		},
		"Pistol-Elemental": {
			"DPS": 5829.869642040208,
			"Generations": 2157 
		},
		"Pistol-Fist": {
			"DPS": 5398.725342473874,
			"Generations": 2157 
		},
		"Pistol-Hammer": {
			"DPS": 5708.460896054848,
			"Generations": 2157 
		},
		"Pistol-Rifle": {
			"DPS": 5181.200418544199,
			"Generations": 2157 
		},
		"Rifle-Blade": {
			"DPS": 5090.210913203447,
			"Generations": 2157 
		},
		"Rifle-Blood": {
			"DPS": 5448.030209283938,
			"Generations": 2157 
		},
		"Rifle-Chaos": {
			"DPS": 5348.739094152341,
			"Generations": 2157 
		},
		"Rifle-Elemental": {
			"DPS": 5740.925036277333,
			"Generations": 2157 
		},
		"Rifle-Fist": {
			"DPS": 5544.152295256867,
			"Generations": 2157 
		},
		"Rifle-Hammer": {
			"DPS": 5519.894539880862,
			"Generations": 2157 
		},
		"Shotgun-Blade": {
			"DPS": 5016.336322107489,
			"Generations": 2157 
		},
		"Shotgun-Blood": {
			"DPS": 5358.57061466787,
			"Generations": 2157 
		},
		"Shotgun-Chaos": {
			"DPS": 5252.139386765052,
			"Generations": 2157 
		},
		"Shotgun-Elemental": {
			"DPS": 5559.464854753867,
			"Generations": 2157 
		},
		"Shotgun-Fist": {
			"DPS": 5274.98328638888,
			"Generations": 2157 
		},
		"Shotgun-Hammer": {
			"DPS": 5489.878843965202,
			"Generations": 2157 
		},
		"Shotgun-Pistol": {
			"DPS": 5134.480332334672,
			"Generations": 2157 
		},
		"Shotgun-Rifle": {
			"DPS": 5036.143024672585,
			"Generations": 2157 
		} 
	},
	"Scenario": "dummy",
	"Statistics": {
		"Passives": {
			"Brawler": 7,
			"Elemental Force": 32,
			"Fortunate Strike": 28,
			"Gnosis": 1,
			"Invasive Measures": 1,
			"Iron Maiden": 36,
			"Lethality": 13,
			"Live Wire": 27,
			"One In The Chamber": 34,
			"Sudden Return": 25,
			"Third Degree": 28,
			"Thunderstruck": 9,
			"Twist The Knife": 11 
		},
		"Stats": {
			"Crit": 1062.347222222222,
			"CritPower": 583.625,
			"Hit": 371.6666666666667,
			"Pen": 356.8055555555555 
		} 
	} 
} 
