{
	"Builds": {
		"Blood-Blade": {
			"DPS": 8470.072338796288,
			"Generations": 2212 
		},
		"Blood-Fist": {
			"DPS": 8314.521465952315,
			"Generations": 2212 
		},
		"Blood-Hammer": {
			"DPS": 8738.637198964128,
			"Generations": 2212 
		},
		"Chaos-Blade": {
			"DPS": 8282.161345085879,
			"Generations": 2212 
		},
		"Chaos-Fist": {
			"DPS": 8142.121548723519,
			"Generations": 2212 
		},
		"Chaos-Hammer": {
			"DPS": 8386.114406847713,
			"Generations": 2212 
		},
		"Elemental-Blade": {
			"DPS": 8815.184484097828,
			"Generations": 2212 
		},
		"Elemental-Fist": {
			"DPS": 8634.064992439344,
			"Generations": 2212 
		},
		"Elemental-Hammer": {
			"DPS": 8982.285888118551,
			"Generations": 2212 
		},
		"Fist-Blade": {
			"DPS": 8430.510126654375,
			"Generations": 2212 
		},
		"Hammer-Blade": {
			"DPS": 8666.386934031478,
			"Generations": 2212 
		},
		"Hammer-Fist": {
			"DPS": 8737.939225405298,
			"Generations": 2212 
		},
		"Pistol-Blade": {
			"DPS": 8230.31760062632,
			"Generations": 2212 
		},
		"Pistol-Blood": {
			"DPS": 7858.260812699945,
			"Generations": 2212 
		},
		"Pistol-Chaos": {
			"DPS": 7675.099386639836,
			"Generations": 2212 
		},
		"Pistol-Elemental": {
			"DPS": 8359.245316542329,
			"Generations": 2212 
		},
		"Pistol-Fist": {
			"DPS": 7894.002799839672,
			"Generations": 2212 
		},
		"Pistol-Hammer": {
			"DPS": 8669.004492740823,
			"Generations": 2212 
		},
		"Pistol-Rifle": {
			"DPS": 7599.884374190428,
			"Generations": 2212 
		},
		"Rifle-Blade": {
			"DPS": 8124.518368078298,
			"Generations": 2212 
		},
		"Rifle-Blood": {
			"DPS": 8020.208243033479,
			"Generations": 2212 
		},
		"Rifle-Chaos": {
			"DPS": 7775.477916468816,
			"Generations": 2212 
		},
		"Rifle-Elemental": {
			"DPS": 8355.587547573405,
			"Generations": 2212 
		},
		"Rifle-Fist": {
			"DPS": 8184.383955676146,
			"Generations": 2212 
		},
		"Rifle-Hammer": {
			"DPS": 8513.106258651271,
			"Generations": 2212 
		},
		"Shotgun-Blade": {
			"DPS": 8003.240544103757,
			"Generations": 2212 
		},
		"Shotgun-Blood": {
			"DPS": 8127.666548427276,
			"Generations": 2212 
		},
		"Shotgun-Chaos": {
			"DPS": 7931.692593638102,
			"Generations": 2212 
		},
		"Shotgun-Elemental": {
			"DPS": 7978.156742382387,
			"Generations": 2212 
		},
		"Shotgun-Fist": {
			"DPS": 8073.989176828403,
			"Generations": 2212 
		},
		"Shotgun-Hammer": {
			"DPS": 8245.068527492947,
			"Generations": 2212 
		},
		"Shotgun-Pistol": {
			"DPS": 7815.498684615318,
			"Generations": 2212 
		},
		"Shotgun-Rifle": {
			"DPS": 7801.16460268117,
			"Generations": 2212 
		} 
	},
	"Scenario": "raid-magic",
	"Statistics": {
		"Passives": {
			"Brawler": 6,
			"Elemental Force": 30,
			"Fortunate Strike": 25,
			"Gnosis": 1,
			"Invasive Measures": 2,
			"Iron Maiden": 33,
			"Lethality": 4,
			"Live Wire": 26,
			"One In The Chamber": 33,
			"Sudden Return": 31,
			"Third Degree": 28,
			"Thunderstruck": 7,
			"Twist The Knife": 5 
		},
		"Stats": {
			"Crit": 820.2575757575758,
			"CritPower": 426,
			"Hit": 589.0151515151515,
			"Pen": 592.7272727272727 
		} 
	} 
} 
