{
	"Builds": {
		"Blood-Blade": {
			"DPS": 8255.935789924097,
			"Generations": 2192 
		},
		"Blood-Fist": {
			"DPS": 8442.220011582147,
			"Generations": 2192 
		},
		"Blood-Hammer": {
			"DPS": 8739.131976194029,
			"Generations": 2192 
		},
		"Chaos-Blade": {
			"DPS": 7835.342994316598,
			"Generations": 2192 
		},
		"Chaos-Blood": {
			"DPS": 8132.719939998243,
			"Generations": 2192 
		},
		"Chaos-Fist": {
			"DPS": 8127.211878807136,
			"Generations": 2192 
		},
		"Chaos-Hammer": {
			"DPS": 8415.6622701711,
			"Generations": 2192 
		},
		"Elemental-Blade": {
			"DPS": 8144.10950786522,
			"Generations": 2192 
		},
		"Elemental-Blood": {
			"DPS": 9137.646416178708,
			"Generations": 2192 
		},
		"Elemental-Chaos": {
			"DPS": 8840.821870192764,
			"Generations": 2192 
		},
		"Elemental-Fist": {
			"DPS": 8517.813588145267,
			"Generations": 2192 
		},
		"Elemental-Hammer": {
			"DPS": 8652.747433995641,
			"Generations": 2192 
		},
		"Pistol-Blade": {
			"DPS": 8147.069912080743,
			"Generations": 2192 
		},
		"Pistol-Blood": {
			"DPS": 8309.804296618266,
			"Generations": 2192 
		},
		"Pistol-Chaos": {
			"DPS": 8011.707409128386,
			"Generations": 2192 
		},
		"Pistol-Elemental": {
			"DPS": 8632.90882793948,
			"Generations": 2192 
		},
		"Pistol-Fist": {
			"DPS": 8168.244063655944,
			"Generations": 2192 
		},
		"Pistol-Hammer": {
			"DPS": 8666.610063529848,
			"Generations": 2192 
		},
		"Pistol-Rifle": {
			"DPS": 7993.631475931804,
			"Generations": 2192 
		},
		"Rifle-Blade": {
			"DPS": 7793.959070460783,
			"Generations": 2192 
		},
		"Rifle-Blood": {
			"DPS": 8359.079360311263,
			"Generations": 2192 
		},
		"Rifle-Chaos": {
			"DPS": 8157.208685514146,
			"Generations": 2192 
		},
		"Rifle-Elemental": {
			"DPS": 8656.668207355036,
			"Generations": 2192 
		},
		"Rifle-Fist": {
			"DPS": 8242.794150043723,
			"Generations": 2192 
		},
		"Rifle-Hammer": {
			"DPS": 8417.870240333783,
			"Generations": 2192 
		},
		"Shotgun-Blade": {
			"DPS": 7601.130272271696,
			"Generations": 2192 
		},
		"Shotgun-Blood": {
			"DPS": 8350.52561162555,
			"Generations": 2192 
		},
		"Shotgun-Chaos": {
			"DPS": 8066.100973752945,
			"Generations": 2192 
		},
		"Shotgun-Elemental": {
			"DPS": 7972.468063888146,
			"Generations": 2192 
		},
		"Shotgun-Fist": {
			"DPS": 8067.036931265372,
			"Generations": 2192 
		},
		"Shotgun-Hammer": {
			"DPS": 8185.661039901815,
			"Generations": 2192 
		},
		"Shotgun-Pistol": {
			"DPS": 7928.820771791165,
			"Generations": 2192 
		},
		"Shotgun-Rifle": {
			"DPS": 8056.698523401331,
			"Generations": 2192 
		} 
	},
	"Scenario": "raid-melee",
	"Statistics": {
		"Passives": {
			"Brawler": 4,
			"Doom": 1,
			"Elemental Force": 29,
			"Fortunate Strike": 25,
			"Invasive Measures": 1,
			"Iron Maiden": 33,
			"Lethality": 6,
			"Live Wire": 25,
			"One In The Chamber": 33,
			"Sudden Return": 32,
			"Third Degree": 30,
			"Thunderstruck": 8,
			"Twist The Knife": 4 
		},
		"Stats": {
			"Crit": 806.1969696969697,
			"CritPower": 440.7878787878788,
			"Hit": 576.5757575757576,
			"Pen": 603.2424242424242 
		} 
	} 
} 
