{
	"Builds": {
		"Blood-Blade": {
			"DPS": 8417.49050643921,
			"Generations": 2308 
		},
		"Blood-Fist": {
			"DPS": 8398.930941302291,
			"Generations": 2308 
		},
		"Blood-Hammer": {
			"DPS": 8692.549614242926,
			"Generations": 2308 
		},
		"Chaos-Blade": {
			"DPS": 8321.602817767651,
			"Generations": 2308 
		},
		"Chaos-Blood": {
			"DPS": 8281.024748367681,
			"Generations": 2308 
		},
		"Chaos-Fist": {
			"DPS": 8473.37740463505,
			"Generations": 2308 
		},
		"Chaos-Hammer": {
			"DPS": 8649.587650171296,
			"Generations": 2308 
		},
		"Elemental-Blade": {
			"DPS": 9121.226148254891,
			"Generations": 2308 
		},
		"Elemental-Blood": {
			"DPS": 9721.557253441539,
			"Generations": 2308 
		},
		"Elemental-Chaos": {
			"DPS": 9249.570352590918,
			"Generations": 2308 
		},
		"Elemental-Fist": {
			"DPS": 9358.078740638795,
			"Generations": 2308 
		},
		"Elemental-Hammer": {
			"DPS": 9708.95268009527,
			"Generations": 2308 
		},
		"Fist-Blade": {
			"DPS": 8552.946802866865,
			"Generations": 2308 
		},
		"Hammer-Blade": {
			"DPS": 8688.638558887957,
			"Generations": 2308 
		},
		"Hammer-Fist": {
			"DPS": 8722.088621662419,
			"Generations": 2308 
		},
		"Pistol-Blade": {
			"DPS": 7997.15131944982,
			"Generations": 2308 
		},
		"Pistol-Blood": {
			"DPS": 8309.66613759111,
			"Generations": 2308 
		},
		"Pistol-Chaos": {
			"DPS": 8124.602975674761,
			"Generations": 2308 
		},
		"Pistol-Elemental": {
			"DPS": 9449.466583892077,
			"Generations": 2308 
		},
		"Pistol-Fist": {
			"DPS": 8100.887236813123,
			"Generations": 2308 
		},
		"Pistol-Hammer": {
			"DPS": 8783.37802385073,
			"Generations": 2308 
		},
		"Pistol-Rifle": {
			"DPS": 8078.246538871207,
			"Generations": 2308 
		},
		"Rifle-Blade": {
			"DPS": 8169.531251080521,
			"Generations": 2308 
		},
		"Rifle-Blood": {
			"DPS": 8361.696934054868,
			"Generations": 2308 
		},
		"Rifle-Chaos": {
			"DPS": 8301.606005239099,
			"Generations": 2308 
		},
		"Rifle-Elemental": {
			"DPS": 9218.734932748437,
			"Generations": 2308 
		},
		"Rifle-Fist": {
			"DPS": 8299.349626694346,
			"Generations": 2308 
		},
		"Rifle-Hammer": {
			"DPS": 8488.514944392286,
			"Generations": 2308 
		},
		"Shotgun-Blade": {
			"DPS": 7979.979148869087,
			"Generations": 2308 
		},
		"Shotgun-Blood": {
			"DPS": 8399.46798981209,
			"Generations": 2308 
		},
		"Shotgun-Chaos": {
			"DPS": 8222.496807336574,
			"Generations": 2308 
		},
		"Shotgun-Elemental": {
			"DPS": 8893.365960297624,
			"Generations": 2308 
		},
		"Shotgun-Fist": {
			"DPS": 8323.135789964877,
			"Generations": 2308 
		},
		"Shotgun-Hammer": {
			"DPS": 8369.708138133103,
			"Generations": 2308 
		},
		"Shotgun-Pistol": {
			"DPS": 8094.002850625883,
			"Generations": 2308 
		},
		"Shotgun-Rifle": {
			"DPS": 8118.078200470219,
			"Generations": 2308 
		} 
	},
	"Scenario": "raid",
	"Statistics": {
		"Passives": {
			"Brawler": 4,
			"Elemental Force": 34,
			"Fortunate Strike": 26,
			"Gnosis": 1,
			"Iron Maiden": 36,
			"Lethality": 6,
			"Live Wire": 35,
			"One In The Chamber": 36,
			"Sudden Return": 34,
			"Third Degree": 33,
			"Thunderstruck": 1,
			"Twist The Knife": 6 
		},
		"Stats": {
			"Crit": 762.1388888888889,
			"CritPower": 481.5972222222222,
			"Hit": 597.1805555555555,
			"Pen": 585.7361111111111 
		} 
	} 
} 
