{
	"Abuse": 1.007501567966764,
	"Aggression": 1.036912099050908,
	"Bloodshot": 1.185684292448127,
	"Brutal": 1.009392967163845,
	"Cannibalise": 1.019400314041467,
	"Curing": 1.005800471133475,
	"Elemental Force": 1.085884638271513,
	"Equilibrium": 1.012772886211785,
	"Ferocious": 1.00534038651068,
	"Focused": 1.000719111517736,
	"Fortunate Strike": 1.061661948351744,
	"Go for the Throat": 1.100971589138686,
	"Grievous": 1.032091650557726,
	"Iron Maiden": 1.119750072380193,
	"Issue 1.5%": 1.014956525595746,
	"Kickback": 1.036075512679623,
	"Laceration": 1.096074841245703,
	"Left Hand of Darkness": 0.9997158729653055,
	"Live Wire": 1.168146811338315,
	"Mercurial": 1.035892991556532,
	"Neck Egon": 0.9603107082366358,
	"Neck QL11": 0.9398277440533576,
	"Neck WC": 0.9996871831292319,
	"One In The Chamber": 1.076657019741678,
	"Potion": 1.018575487500512,
	"Reckless": 1.035403071609155,
	"Salubrious": 1.002317600935363,
	"Stat Crit -100": 0.9845248640288438,
	"Stat Crit -200": 0.9674026793570791,
	"Stat Crit -50": 0.992503211734574,
	"Stat Crit 100": 1.014081671143332,
	"Stat Crit 200": 1.025575048304147,
	"Stat Crit 50": 1.007696385369798,
	"Stat CritPower -100": 0.9830604147389335,
	"Stat CritPower -200": 0.9648429400463339,
	"Stat CritPower -50": 0.9919429659826932,
	"Stat CritPower 100": 1.015373372145589,
	"Stat CritPower 200": 1.030247250363011,
	"Stat CritPower 50": 1.008093591836424,
	"Stat Hit -100": 0.9790590042298342,
	"Stat Hit -200": 0.9560532372631512,
	"Stat Hit -50": 0.9920833239498055,
	"Stat Hit 100": 0.9999121976300053,
	"Stat Hit 200": 1.000459468025371,
	"Stat Hit 50": 0.9999862701659947,
	"Stat Pen -100": 0.98264154755082,
	"Stat Pen -200": 0.9653935198974104,
	"Stat Pen -50": 0.9911163407106743,
	"Stat Pen 100": 1.016169071969853,
	"Stat Pen 200": 1.032169404699241,
	"Stat Pen 50": 1.009353888568852,
	"Stimulant": 1.014253461912663,
	"Subway Tokens": 1.01966793172323,
	"Sudden Return": 1.067052808085532,
	"Tear Em Up": 1.053962614056381,
	"Third Degree": 1.065213169073428,
	"Violence": 1.011051215099489,
	"Woodcutters Wrath": 1.080575482266243 
} 
