{
	"Abuse": 1.008155651707442,
	"Accelerating": 1.007377002487227,
	"Accurate": 1.011629346924914,
	"Aggression": 1.038666275263841,
	"Binding Wounds": 1.03846266202608,
	"Bloodshot": 1.092805703062916,
	"Cannibalize": 1.024608455793397,
	"Cleaving": 1.003174731130845,
	"Elemental Force": 1.072150490304341,
	"Ferocious": 1.003215817098566,
	"Fierce": 1.007000174399389,
	"Focused": 1.001501031849735,
	"Fortunate Strike": 1.063063015911043,
	"Four Seasons": 1.108324342345786,
	"Grievous": 1.028864699206939,
	"Iron Maiden": 1.087995171445676,
	"Issue 1.5%": 1.0152394194203,
	"Kickback": 1.032697439355331,
	"Laceration": 1.083169453502406,
	"Live Wire": 1.153698829768354,
	"Mercurial": 1.020371878635296,
	"Neck Egon": 0.9862346620713308,
	"Neck QL11": 0.9662273889689983,
	"Neck WC": 1.000666693803085,
	"One In The Chamber": 1.07117494732025,
	"Potion": 1.019311927302178,
	"Sling Blade": 0.9981468680380109,
	"Stat Crit -100": 0.983514111298633,
	"Stat Crit -200": 0.9674456921554767,
	"Stat Crit -50": 0.9926212539283403,
	"Stat Crit 100": 1.015061528385875,
	"Stat Crit 200": 1.027961019200553,
	"Stat Crit 50": 1.008371878028879,
	"Stat CritPower -100": 0.9846549409816802,
	"Stat CritPower -200": 0.9678222511648804,
	"Stat CritPower -50": 0.9932554714546599,
	"Stat CritPower 100": 1.014577714248677,
	"Stat CritPower 200": 1.027196542036766,
	"Stat CritPower 50": 1.0062897650946,
	"Stat Hit -100": 0.9774429200737305,
	"Stat Hit -200": 0.9527074258464802,
	"Stat Hit -50": 0.9896844331485447,
	"Stat Hit 100": 1.008146591329461,
	"Stat Hit 200": 1.006727112843928,
	"Stat Hit 50": 1.008459182687288,
	"Stat Pen -100": 0.9873510678212637,
	"Stat Pen -200": 0.9732666775545741,
	"Stat Pen -50": 0.9931949353962188,
	"Stat Pen 100": 1.012686409099315,
	"Stat Pen 200": 1.024916589073422,
	"Stat Pen 50": 1.006927627146056,
	"Steel Echo": 1.026980576838202,
	"Stimulant": 1.014871879920068,
	"Subway Tokens": 1.018579189950918,
	"Sudden Return": 1.076815317813677,
	"Third Degree": 1.071731910361591,
	"Violence": 1.009874294482684,
	"Woodcutters Wrath": 1.050837656641037 
} 
