{
	"Accelerating": 0.9993455755090569,
	"Accurate": 1.010063053367495,
	"Aggression": 1.034241675649292,
	"Bloodshot": 1.107928180461919,
	"Brutal": 1.008161265398867,
	"Cannibalize": 1.014991250186061,
	"Cardiac Arrest": 1.058228740101238,
	"Elemental Force": 1.078958291709524,
	"Full Momentum": 1.052742968635382,
	"Fury": 1.00449906033895,
	"Grievous": 1.028072550425954,
	"Invulnerable": 0.9993666791189285,
	"Iron Maiden": 1.110792093931713,
	"Issue 1.5%": 1.014554905116763,
	"Kickback": 1.032379654748904,
	"Laceration": 1.090878401895119,
	"Lethality": 1.05992817464366,
	"Live Wire": 1.166276040844972,
	"Mercurial": 1.004477591307569,
	"Molten Steel": 1.120278612820878,
	"Neck Egon": 0.962860984980583,
	"Neck QL11": 0.9449046932044103,
	"Neck WC": 1.00139687938154,
	"One In The Chamber": 1.074432443593125,
	"Piercing": 1.008356377626688,
	"Potion": 1.020603251261514,
	"Stat Crit -100": 0.9838002727336377,
	"Stat Crit -200": 0.9638624674300678,
	"Stat Crit -50": 0.9917092164351184,
	"Stat Crit 100": 1.016943884038718,
	"Stat Crit 200": 1.032801571402366,
	"Stat Crit 50": 1.009261768053432,
	"Stat CritPower -100": 0.9868520987123025,
	"Stat CritPower -200": 0.9707164679319961,
	"Stat CritPower -50": 0.9937668159013501,
	"Stat CritPower 100": 1.014731317792729,
	"Stat CritPower 200": 1.027504261430699,
	"Stat CritPower 50": 1.008463279023241,
	"Stat Hit -100": 0.9795881962066261,
	"Stat Hit -200": 0.9550648871558233,
	"Stat Hit -50": 0.9910201911638105,
	"Stat Hit 100": 1.000187589974192,
	"Stat Hit 200": 1.000011512674732,
	"Stat Hit 50": 1.000951196504682,
	"Stat Pen -100": 0.9851835082020465,
	"Stat Pen -200": 0.9667740727790871,
	"Stat Pen -50": 0.9932366313965303,
	"Stat Pen 100": 1.016896026777306,
	"Stat Pen 200": 1.032465844147279,
	"Stat Pen 50": 1.008722322004211,
	"Stimulant": 1.013990661913242,
	"Stone's Throw": 1.012378327574461,
	"Subway Tokens": 1.021821347263832,
	"Sudden Return": 1.063886861219097,
	"Third Degree": 1.059617449286951,
	"Violence": 1.009598793452392,
	"Woodcutters Wrath": 1.074596942086005 
} 
