{
	"Accurate": 1.010768134107251,
	"Aggression": 1.027017966593945,
	"Amor Fati": 1.010124669551083,
	"Elemental Force": 1.073875494090701,
	"Eye of Pandemonium": 1.119896682524038,
	"Ferocious": 1.003723509886682,
	"Focused": 1.014137960803291,
	"Fortunate Strike": 1.093561779303316,
	"Four Horsemen": 1.156383001728071,
	"Grievous": 1.012952410367941,
	"Inspiring": 1.002774891461083,
	"Iron Maiden": 1.112093818429839,
	"Issue 1.5%": 1.015508683204163,
	"Kickback": 1.027699778930301,
	"Laceration": 1.076883238945081,
	"Live Wire": 1.171698981440543,
	"Mercurial": 1.036756998074043,
	"Neck Egon": 0.9658472640101657,
	"Neck QL11": 0.9469130618370509,
	"Neck WC": 0.9995745757730978,
	"One In The Chamber": 1.09656493785232,
	"One-Two": 1.034119239959432,
	"Potion": 1.024152832172818,
	"Quickening": 1.001953991209735,
	"Reckless": 1.025391995735956,
	"Sadism": 1.033611326504418,
	"Stat Crit -100": 0.9807299047082622,
	"Stat Crit -200": 0.9598946391737745,
	"Stat Crit -50": 0.9903785865429625,
	"Stat Crit 100": 1.017424686151559,
	"Stat Crit 200": 1.033959551919326,
	"Stat Crit 50": 1.009088120461866,
	"Stat CritPower -100": 0.9868100358304839,
	"Stat CritPower -200": 0.9724723541660293,
	"Stat CritPower -50": 0.992920906622927,
	"Stat CritPower 100": 1.012792841143227,
	"Stat CritPower 200": 1.023233230570745,
	"Stat CritPower 50": 1.005726642976103,
	"Stat Hit -100": 0.9797065575184052,
	"Stat Hit -200": 0.957558902826438,
	"Stat Hit -50": 0.9901152241503106,
	"Stat Hit 100": 0.999814129112964,
	"Stat Hit 200": 0.9999478992670565,
	"Stat Hit 50": 0.9993852486925976,
	"Stat Pen -100": 0.9842369415108556,
	"Stat Pen -200": 0.9669727141327031,
	"Stat Pen -50": 0.991582651902903,
	"Stat Pen 100": 1.015322756819867,
	"Stat Pen 200": 1.028605315922692,
	"Stat Pen 50": 1.007403430285682,
	"Stimulant": 1.019257853263158,
	"Storms": 1.012683007287851,
	"Subway Tokens": 1.016571730267869,
	"Sudden Return": 1.095907005706042,
	"Suffering and Solace": 1.000034135762573,
	"Third Degree": 1.086505704798553,
	"Violence": 1.011543433841383,
	"Woodcutters Wrath": 1.072380531801717 
} 
