{
	"Accurate": 1.010334564215893,
	"Aggression": 1.019321489326387,
	"Amor Fati": 1.025059637266007,
	"Binding Wounds": 1.050984626994421,
	"Brutal": 1.011531817466768,
	"Curing": 1.01176186304355,
	"Elemental Force": 1.084750932938428,
	"Equilibrium": 1.009911640429907,
	"Fierce": 1.010140392436339,
	"Focused": 1.001698844247433,
	"Fortunate Strike": 1.085565681726304,
	"Four Horsemen": 1.0972031683579,
	"Four Seasons": 1.169417554295212,
	"Grievous": 1.011799275690811,
	"Iron Maiden": 1.095143614975977,
	"Issue 1.5%": 1.013249239122613,
	"Kickback": 1.031137033333194,
	"Laceration": 1.08283025033921,
	"Mercurial": 1.050787727951874,
	"Neck Egon": 0.9830707419799605,
	"Neck QL11": 0.9606054657177975,
	"Neck WC": 0.999723172670249,
	"One In The Chamber": 1.093152344521162,
	"Potion": 1.01246756176501,
	"Sadism": 1.030779923798518,
	"Stat Crit -100": 0.9807844457553224,
	"Stat Crit -200": 0.9609298344303507,
	"Stat Crit -50": 0.9915068644486404,
	"Stat Crit 100": 1.018758536967978,
	"Stat Crit 200": 1.034371195561823,
	"Stat Crit 50": 1.009453356506345,
	"Stat CritPower -100": 0.987218741117368,
	"Stat CritPower -200": 0.9725729321275962,
	"Stat CritPower -50": 0.9949803785189301,
	"Stat CritPower 100": 1.014004086833515,
	"Stat CritPower 200": 1.025350936404431,
	"Stat CritPower 50": 1.006230352458662,
	"Stat Hit -100": 0.9791836237426327,
	"Stat Hit -200": 0.9565117566297351,
	"Stat Hit -50": 0.9895836579181823,
	"Stat Hit 100": 1.000151336374196,
	"Stat Hit 200": 1.000519736205929,
	"Stat Hit 50": 0.9999539539538285,
	"Stat Pen -100": 0.9863763690170797,
	"Stat Pen -200": 0.9716159215406565,
	"Stat Pen -50": 0.9933991316046862,
	"Stat Pen 100": 1.01342614129682,
	"Stat Pen 200": 1.027116543983279,
	"Stat Pen 50": 1.00747316368585,
	"Steel Echo": 1.045611574928214,
	"Stimulant": 1.019084833905068,
	"Subway Tokens": 1.018140302463913,
	"Sudden Return": 1.097919148609816,
	"Suffering and Solace": 0.9992841222293469,
	"Third Degree": 1.08484773808906,
	"Thunderstruck": 1.155101080855218,
	"Violence": 1.009544263301798,
	"Woodcutters Wrath": 1.056145580792883 
} 
