{
	"Accurate": 1.011371972633534,
	"Aggression": 1.029654225439165,
	"Amor Fati": 1.017511956351007,
	"Elemental Force": 1.077387616959263,
	"Eye of Pandemonium": 1.069017319256371,
	"Ferocious": 1.005865769821339,
	"Fierce": 1.011180423163826,
	"Focused": 1.018091474512683,
	"Fortunate Strike": 1.066218437755803,
	"Four Horsemen": 1.04774906496143,
	"Full Momentum": 1.072008675436667,
	"Grievous": 1.009395546458835,
	"Inspiring": 1.004472688582231,
	"Iron Maiden": 1.105650091601585,
	"Kickback": 1.031598045732078,
	"Laceration": 1.081016093285431,
	"Live Wire": 1.169167090115603,
	"Mercurial": 1.033367790763221,
	"Molten Steel": 1.182860133728779,
	"Neck Egon": 0.9777990731915885,
	"Neck QL11": 0.9614628630309561,
	"Neck WC": 0.9994832804727528,
	"One In The Chamber": 1.094142787119051,
	"Potion": 1.019404044700093,
	"Sadism": 1.024596047791283,
	"Shattering": 1.007410594168902,
	"Stat Crit -100": 0.9853915537470129,
	"Stat Crit -200": 0.9680967887146512,
	"Stat Crit -50": 0.9921380492395668,
	"Stat Crit 100": 1.014279902207199,
	"Stat Crit 200": 1.026982476647557,
	"Stat Crit 50": 1.007797914501361,
	"Stat CritPower -100": 0.9832853593272625,
	"Stat CritPower -200": 0.9637110992457376,
	"Stat CritPower -50": 0.9922603597382449,
	"Stat CritPower 100": 1.01636811076801,
	"Stat CritPower 200": 1.030796021704637,
	"Stat CritPower 50": 1.009126280613314,
	"Stat Hit -100": 0.9765421515046475,
	"Stat Hit -200": 0.9518395730070015,
	"Stat Hit -50": 0.9878337321988375,
	"Stat Hit 100": 1.010347992279837,
	"Stat Hit 200": 1.009520141110292,
	"Stat Hit 50": 1.009516724021478,
	"Stat Pen -100": 0.9841263376622477,
	"Stat Pen -200": 0.9680511022139605,
	"Stat Pen -50": 0.992532430848973,
	"Stat Pen 100": 1.014250807203149,
	"Stat Pen 200": 1.027304915477304,
	"Stat Pen 50": 1.006200513964393,
	"Stimulant": 1.011700536949906,
	"Stone's Throw": 1.000373749427674,
	"Subway Tokens": 1.015125380574554,
	"Sudden Return": 1.084676282184779,
	"Third Degree": 1.077104020334834,
	"Violence": 1.010545262380652,
	"Woodcutters Wrath": 1.056217311180584 
} 
