{
	"Abuse": 1.006788488643376,
	"Accelerating": 1.004511012674709,
	"Accurate": 1.011732659349789,
	"Aggression": 1.03814020260328,
	"Amor Fati": 1.023791515096125,
	"Bloodshot": 1.145498619474214,
	"Brutal": 1.010267879072085,
	"Cannibalise": 1.024963251884877,
	"Curing": 1.0107017748659,
	"Elemental Force": 1.080803888843896,
	"Equilibrium": 1.009285394764109,
	"Eye of Pandemonium": 1.109353720195613,
	"Focused": 1.025570166786192,
	"Fortunate Strike": 1.064464308533693,
	"Grievous": 1.010440072264979,
	"Iron Maiden": 1.097609302148149,
	"Issue 1.5%": 1.01508686232796,
	"Kickback": 1.033352799766394,
	"Laceration": 1.093695862183442,
	"Lethality": 1.060110075581144,
	"Live Wire": 1.179191032856964,
	"Mercurial": 1.017342785417239,
	"Neck Egon": 0.9630939917693642,
	"Neck QL11": 0.9433512102838325,
	"Neck WC": 0.999620107493833,
	"One In The Chamber": 1.078889053762538,
	"Potion": 1.01935108972668,
	"Pulling the Strings": 1.000138037063399,
	"Stat Crit -100": 0.9840746124278243,
	"Stat Crit -200": 0.967244993065135,
	"Stat Crit -50": 0.9922737808387802,
	"Stat Crit 100": 1.014671400528647,
	"Stat Crit 200": 1.027450422254251,
	"Stat Crit 50": 1.007383884889939,
	"Stat CritPower -100": 0.9847152915041387,
	"Stat CritPower -200": 0.9672255540913626,
	"Stat CritPower -50": 0.9930666173969525,
	"Stat CritPower 100": 1.016395730958501,
	"Stat CritPower 200": 1.028402991384172,
	"Stat CritPower 50": 1.007944027226236,
	"Stat Hit -100": 0.9761008289961572,
	"Stat Hit -200": 0.950513325944804,
	"Stat Hit -50": 0.9883746915064575,
	"Stat Hit 100": 1.023537421494234,
	"Stat Hit 200": 1.027775439352865,
	"Stat Hit 50": 1.012118827051916,
	"Stat Pen -100": 0.9862605504533294,
	"Stat Pen -200": 0.9703461099755112,
	"Stat Pen -50": 0.9928075340562094,
	"Stat Pen 100": 1.014393485016333,
	"Stat Pen 200": 1.026946781988943,
	"Stat Pen 50": 1.005885739696868,
	"Stimulant": 1.01562327619018,
	"Subway Tokens": 1.011115592313112,
	"Sudden Return": 1.069600396982996,
	"Suffering and Solace": 1.008367724547359,
	"Violence": 1.009893277645304,
	"Woodcutters Wrath": 1.076058767047274 
} 
