{
	"Accurate": 1.011058260855494,
	"Aggression": 1.030924103050129,
	"Amor Fati": 1.011379970212263,
	"Anima Charge": 1.003509555109674,
	"Brutal": 1.009224363513557,
	"Curing": 0.999842743749041,
	"Elemental Force": 1.063211960121035,
	"Fire Manifestation": 1.059222023792695,
	"Fortunate Strike": 1.081561493491987,
	"Grievous": 1.014001773942834,
	"Inspiring": 1.003230058869883,
	"Invulnerable": 1.000680792248791,
	"Iron Maiden": 1.100283391158371,
	"Issue 1.5%": 1.014500712835752,
	"Kickback": 1.035684470631711,
	"Laceration": 1.093308438582881,
	"Lightning Manifestation": 1.09404542930154,
	"Live Wire": 1.138010748942527,
	"Mercurial": 1.03499771166537,
	"Neck Egon": 0.9745355520671602,
	"Neck QL11": 0.9577646757730455,
	"Neck WC": 0.9999787423688216,
	"One In The Chamber": 1.087662557585804,
	"Potion": 1.019392787983725,
	"Power Line": 1.175805995940726,
	"Stat Crit -100": 0.9841161121730165,
	"Stat Crit -200": 0.9674516381162278,
	"Stat Crit -50": 0.9926823244263024,
	"Stat Crit 100": 1.014588447219477,
	"Stat Crit 200": 1.027702538352717,
	"Stat Crit 50": 1.007228327296773,
	"Stat CritPower -100": 0.9826323046905318,
	"Stat CritPower -200": 0.9668284366895629,
	"Stat CritPower -50": 0.9925568308498159,
	"Stat CritPower 100": 1.014317399076438,
	"Stat CritPower 200": 1.028355556293701,
	"Stat CritPower 50": 1.007265085710955,
	"Stat Hit -100": 0.9780458464511079,
	"Stat Hit -200": 0.9564263284215133,
	"Stat Hit -50": 0.9886846686571357,
	"Stat Hit 100": 1.010765312157587,
	"Stat Hit 200": 1.009602809559735,
	"Stat Hit 50": 1.010143611773709,
	"Stat Pen -100": 0.9856623806920304,
	"Stat Pen -200": 0.9705097544613149,
	"Stat Pen -50": 0.992036476466819,
	"Stat Pen 100": 1.013787081890027,
	"Stat Pen 200": 1.025770105125289,
	"Stat Pen 50": 1.007322825679785,
	"Stimulant": 1.012451415221626,
	"Subway Tokens": 1.012034323880303,
	"Sudden Return": 1.086309967203067,
	"Suffering and Solace": 1.091239219599113,
	"Third Degree": 1.077519029473504,
	"Violence": 1.011708762947933,
	"Woodcutters Wrath": 1.060434520133315 
} 
