{
	"Accelerating": 1.0285031987756,
	"Accurate": 1.011953778618807,
	"Aggression": 1.03571132086679,
	"Assassination": 1.000565413313774,
	"Bloodshot": 1.183923565684021,
	"Cannibalize": 1.04238226046246,
	"Contaminate": 0.9991622980197745,
	"Elemental Force": 1.072157040678588,
	"Ferocious": 1.004823151050056,
	"Fire Manifestation": 1.055520559160134,
	"Focused": 1.006752264313418,
	"Fortunate Strike": 1.06895735403259,
	"Grievous": 1.026777741294938,
	"Inspiring": 1.004444424720168,
	"Iron Maiden": 1.107017917628629,
	"Issue 1.5%": 1.016494770384194,
	"Kickback": 1.0314364719242,
	"Laceration": 1.090503833761963,
	"Lightning Manifestation": 1.077636767862664,
	"Live Wire": 1.132215158398733,
	"Neck Egon": 0.9577532320264666,
	"Neck QL11": 0.9386949448344715,
	"Neck WC": 0.99920935138513,
	"One In The Chamber": 1.073581269838696,
	"Potion": 1.020183462568266,
	"Power Line": 1.16062712116327,
	"Precise": 1.000734157407158,
	"Stat Crit -100": 0.9835504262479897,
	"Stat Crit -200": 0.965863597434611,
	"Stat Crit -50": 0.9905803647444431,
	"Stat Crit 100": 1.014255842002214,
	"Stat Crit 200": 1.027432310715404,
	"Stat Crit 50": 1.007087686444069,
	"Stat CritPower -100": 0.9848075981589324,
	"Stat CritPower -200": 0.9689546703995613,
	"Stat CritPower -50": 0.9920364231668237,
	"Stat CritPower 100": 1.012889502486077,
	"Stat CritPower 200": 1.026249705230575,
	"Stat CritPower 50": 1.006743739749408,
	"Stat Hit -100": 0.9791017424689265,
	"Stat Hit -200": 0.9578788697320105,
	"Stat Hit -50": 0.9895002583295689,
	"Stat Hit 100": 1.005518598808138,
	"Stat Hit 200": 1.005636928079537,
	"Stat Hit 50": 1.00542653828645,
	"Stat Pen -100": 0.9845466219247105,
	"Stat Pen -200": 0.9692510823226311,
	"Stat Pen -50": 0.9913097860550768,
	"Stat Pen 100": 1.013515784907485,
	"Stat Pen 200": 1.027726929294329,
	"Stat Pen 50": 1.006892696541159,
	"Stimulant": 1.017059926610118,
	"Subway Tokens": 1.015807492081383,
	"Sudden Return": 1.069819421031319,
	"Third Degree": 1.063914642330761,
	"Violence": 1.010532988274563,
	"Woodcutters Wrath": 1.081610018957085 
} 
