{
	"Accurate": 1.010819888604572,
	"Aggression": 1.031592082052982,
	"Brutal": 1.008440641897186,
	"Elemental Force": 1.065302519393424,
	"Equilibrium": 1.011018693608668,
	"Ferocious": 1.013365186218566,
	"Fire Manifestation": 1.081676979568732,
	"Focused": 1.007657431124033,
	"Full Momentum": 1.062513987915969,
	"Inspiring": 1.003838447382063,
	"Invulnerable": 1.0113739108941,
	"Iron Maiden": 1.112919415280629,
	"Issue 1.5%": 1.014489151031913,
	"Kickback": 1.034719604425553,
	"Laceration": 1.102087058404809,
	"Lethality": 1.054886955797971,
	"Lightning Manifestation": 1.107635941401701,
	"Live Wire": 1.124857217588814,
	"Mercurial": 1.056429758178242,
	"Molten Steel": 1.210807622147454,
	"Neck Egon": 0.9808991088374084,
	"Neck QL11": 0.9614646370944704,
	"Neck WC": 1.000028048026741,
	"One In The Chamber": 1.075858594661192,
	"Potion": 1.018353023530683,
	"Power Line": 1.179763915362165,
	"Stat Crit -100": 0.9858658988577941,
	"Stat Crit -200": 0.9699724546448635,
	"Stat Crit -50": 0.9929226681654295,
	"Stat Crit 100": 1.012001268671322,
	"Stat Crit 200": 1.02446828483662,
	"Stat Crit 50": 1.006492769069822,
	"Stat CritPower -100": 0.9811009316031749,
	"Stat CritPower -200": 0.9626926141944743,
	"Stat CritPower -50": 0.9912972170293983,
	"Stat CritPower 100": 1.016927118152412,
	"Stat CritPower 200": 1.032158733695343,
	"Stat CritPower 50": 1.008634275372372,
	"Stat Hit -100": 0.9778252105438531,
	"Stat Hit -200": 0.9531483653272467,
	"Stat Hit -50": 0.989612657741254,
	"Stat Hit 100": 1.005972837350558,
	"Stat Hit 200": 1.00553041802048,
	"Stat Hit 50": 1.00532959493648,
	"Stat Pen -100": 0.9836806962890557,
	"Stat Pen -200": 0.9656703056849206,
	"Stat Pen -50": 0.9925984273967916,
	"Stat Pen 100": 1.016587904821698,
	"Stat Pen 200": 1.0305559959149,
	"Stat Pen 50": 1.008187415045093,
	"Stimulant": 1.016695718109119,
	"Stone's Throw": 1.023625610701495,
	"Subway Tokens": 1.019075477413329,
	"Sudden Return": 1.059370551476894,
	"Third Degree": 1.054145226393065,
	"Violence": 1.010741954829788,
	"Woodcutters Wrath": 1.056041404260107 
} 
