{
	"Abuse": 1.020870040054561,
	"Accurate": 1.011776603504234,
	"Aggression": 1.019830632865725,
	"Binding Wounds": 1.090201942996154,
	"Brawler": 1.058957710600779,
	"Brutal": 1.0108601639712,
	"Egon Pendant": 1.038666064964403,
	"Elemental Force": 1.07420096006416,
	"Fire Manifestation": 1.047599960644227,
	"Flame Strike": 1.011362380016014,
	"Focused": 1.006905134710163,
	"Grievous": 1.013965676606499,
	"Invulnerable": 0.9999955681014925,
	"Iron Maiden": 1.125777665249222,
	"Issue 1.5%": 1.015481363616557,
	"Kickback": 1.036374410524354,
	"Laceration": 1.09235412742489,
	"Lightning Manifestation": 1.06033849245427,
	"Live Wire": 1.14344370852671,
	"Mercurial": 1.034043956717896,
	"Neck Egon": 0.9988521528183124,
	"Neck QL11": 0.9779553319607541,
	"Neck WC": 0.9787281403039132,
	"One In The Chamber": 1.083368504312757,
	"Piercing": 1.006372590945747,
	"Potion": 1.025947447114377,
	"Power Line": 1.228544848845162,
	"Stat Crit -100": 0.9780108931835523,
	"Stat Crit -200": 0.9554806967943255,
	"Stat Crit -50": 0.9894782683180773,
	"Stat Crit 100": 1.017761440905989,
	"Stat Crit 200": 1.034830574310903,
	"Stat Crit 50": 1.009163667595812,
	"Stat CritPower -100": 0.982860938042691,
	"Stat CritPower -200": 0.9619344145433264,
	"Stat CritPower -50": 0.9909053249142831,
	"Stat CritPower 100": 1.016161839538643,
	"Stat CritPower 200": 1.02960940324349,
	"Stat CritPower 50": 1.007359409538237,
	"Stat Hit -100": 0.9818267276688841,
	"Stat Hit -200": 0.9588962530988925,
	"Stat Hit -50": 0.9908971934248816,
	"Stat Hit 100": 1.009894302856426,
	"Stat Hit 200": 1.009761980793215,
	"Stat Hit 50": 1.00634412030227,
	"Stat Pen -100": 0.9824527716040381,
	"Stat Pen -200": 0.962757983628275,
	"Stat Pen -50": 0.9915131743440156,
	"Stat Pen 100": 1.013053560199067,
	"Stat Pen 200": 1.02646120069222,
	"Stat Pen 50": 1.00647459455885,
	"Steel Echo": 1.033406402777383,
	"Stimulant": 1.01748126862568,
	"Sudden Return": 1.074502488390635,
	"Third Degree": 1.069088732665261,
	"Violence": 1.011686407730838 
} 
