{
	"Accurate": 1.010774743565102,
	"Aggression": 1.013988848939062,
	"Brutal": 1.005843703670813,
	"Elemental Force": 1.072391156088615,
	"Fierce": 1.008770696512351,
	"Fire Manifestation": 1.049370172304766,
	"Flame Strike": 1.001769983957874,
	"Focused": 1.004410749749245,
	"Fortunate Strike": 1.067056049244865,
	"Grievous": 1.01180324118554,
	"Inspiring": 1.001380470132034,
	"Iron Maiden": 1.10609870812671,
	"Issue 1.5%": 1.013941957426857,
	"Kickback": 1.028406482281594,
	"Laceration": 1.084059011132856,
	"Lightning Manifestation": 1.074068914910367,
	"Live Wire": 1.12995252185842,
	"Mercurial": 1.030840363154632,
	"Neck Egon": 0.9788211789560464,
	"Neck QL11": 0.9611785043742394,
	"Neck WC": 0.9998217017127639,
	"One In The Chamber": 1.075359927458551,
	"Potion": 1.024457862768063,
	"Power Line": 1.175805030968345,
	"Reckless": 1.055120775373221,
	"Sadism": 1.023376041762898,
	"Stat Crit -100": 0.9799540831718769,
	"Stat Crit -200": 0.9603361772527896,
	"Stat Crit -50": 0.9897321550452503,
	"Stat Crit 100": 1.018157022145169,
	"Stat Crit 200": 1.034390435687775,
	"Stat Crit 50": 1.008703371155799,
	"Stat CritPower -100": 0.9841199252414846,
	"Stat CritPower -200": 0.970113487737209,
	"Stat CritPower -50": 0.9918515535170161,
	"Stat CritPower 100": 1.013365120871176,
	"Stat CritPower 200": 1.024414203182552,
	"Stat CritPower 50": 1.007175307146334,
	"Stat Hit -100": 0.9861456171988593,
	"Stat Hit -200": 0.9681677931777547,
	"Stat Hit -50": 0.9933139177307971,
	"Stat Hit 100": 1.001817716527805,
	"Stat Hit 200": 1.002244712270218,
	"Stat Hit 50": 1.001291396387722,
	"Stat Pen -100": 0.9841915265213655,
	"Stat Pen -200": 0.9680965462790518,
	"Stat Pen -50": 0.9920430723354874,
	"Stat Pen 100": 1.013599631881757,
	"Stat Pen 200": 1.027396369669079,
	"Stat Pen 50": 1.007351907318001,
	"Stimulant": 1.014197316835681,
	"Sudden Return": 1.075897327431089,
	"Tear Em Up": 1.056415093836135,
	"Third Degree": 1.071922704986461,
	"Violence": 1.011583672178139,
	"Woodcutters Wrath": 1.055033261001167 
} 
