{
	"Abuse": 1.017579019984252,
	"Accurate": 1.011551794017294,
	"Aggression": 1.020612079405473,
	"Binding Wounds": 1.089537012331569,
	"Elemental Force": 1.100409981537652,
	"Equilibrium": 1.011637912885949,
	"Ferocious": 1.001658841673654,
	"Fierce": 1.01436660672196,
	"Focused": 1.009720725254028,
	"Fortunate Strike": 1.062968249840942,
	"Four Seasons": 1.214522204636544,
	"Grievous": 1.014790325100092,
	"Invulnerable": 1.011493726012965,
	"Iron Maiden": 1.102916996260743,
	"Issue 1.5%": 1.015578599089939,
	"Kickback": 1.018293598682074,
	"Laceration": 1.090670003623912,
	"Live Wire": 1.143866032566536,
	"Mercurial": 1.08631839582181,
	"Neck Egon": 0.9863022849124012,
	"Neck QL11": 0.9668858743620247,
	"Neck WC": 0.9993032469375532,
	"One In The Chamber": 1.084517693360125,
	"Potion": 1.01489846469342,
	"Reckless": 1.046679252755623,
	"Stat Crit -100": 0.9816931300408768,
	"Stat Crit -200": 0.9634055448234028,
	"Stat Crit -50": 0.9919722686132456,
	"Stat Crit 100": 1.017035023562056,
	"Stat Crit 200": 1.030291316435892,
	"Stat Crit 50": 1.008532007523347,
	"Stat CritPower -100": 0.9841104495349704,
	"Stat CritPower -200": 0.9674886002158994,
	"Stat CritPower -50": 0.992257428306476,
	"Stat CritPower 100": 1.013352138915956,
	"Stat CritPower 200": 1.027993625990364,
	"Stat CritPower 50": 1.006907521985348,
	"Stat Hit -100": 0.9764030001115676,
	"Stat Hit -200": 0.9515185406029595,
	"Stat Hit -50": 0.9893729210604278,
	"Stat Hit 100": 1.009728809906944,
	"Stat Hit 200": 1.01083075751267,
	"Stat Hit 50": 1.009578133163462,
	"Stat Pen -100": 0.984090450477305,
	"Stat Pen -200": 0.9686859057071068,
	"Stat Pen -50": 0.9934081543559693,
	"Stat Pen 100": 1.013770039674467,
	"Stat Pen 200": 1.028357085339235,
	"Stat Pen 50": 1.006738792221664,
	"Steel Echo": 1.051980962445302,
	"Stimulant": 1.014896906711438,
	"Subway Tokens": 1.016652406841745,
	"Sudden Return": 1.081160656618892,
	"Tear Em Up": 1.035482567763352,
	"Third Degree": 1.075059972928168,
	"Violence": 1.009062694191586,
	"Wild at Heart": 1.000272254789247,
	"Woodcutters Wrath": 1.049187300738595 
} 
