{
	"Abuse": 1.019344660571479,
	"Accurate": 1.00960102807828,
	"Aggression": 1.026432964238717,
	"Binding Wounds": 1.053295927188123,
	"Brawler": 1.058713546303206,
	"Curing": 1.003563828204607,
	"Egon Pendant": 1.038956952473101,
	"Elemental Force": 1.081127956199244,
	"Equilibrium": 1.021563137808724,
	"Focused": 1.01986178063793,
	"Four Seasons": 1.185363620337767,
	"Full Momentum": 1.057964672928913,
	"Grievous": 1.009600267992345,
	"Invulnerable": 1.008030073444729,
	"Iron Maiden": 1.079611943494836,
	"Issue 1.5%": 1.012902124323219,
	"Kickback": 1.028859132202881,
	"Laceration": 1.094222096511786,
	"Lethality": 1.067284464711586,
	"Live Wire": 1.14514537731994,
	"Mercurial": 1.059664743833223,
	"Molten Steel": 1.184718635257957,
	"Neck Egon": 1.000603412949994,
	"Neck QL11": 0.9776932028488168,
	"Neck WC": 0.9547086266622168,
	"One In The Chamber": 1.083292367026555,
	"Piercing": 1.006475245897479,
	"Potion": 1.020053856696381,
	"Stat Crit -100": 0.9835683975457372,
	"Stat Crit -200": 0.9633471963354302,
	"Stat Crit -50": 0.9916888321665368,
	"Stat Crit 100": 1.018385565649269,
	"Stat Crit 200": 1.033908600415232,
	"Stat Crit 50": 1.009343264237488,
	"Stat CritPower -100": 0.9869574260274373,
	"Stat CritPower -200": 0.9713462486447246,
	"Stat CritPower -50": 0.9947868051189813,
	"Stat CritPower 100": 1.014148255282878,
	"Stat CritPower 200": 1.027206282510737,
	"Stat CritPower 50": 1.008832273232523,
	"Stat Hit -100": 0.9773565321078173,
	"Stat Hit -200": 0.9482423443087226,
	"Stat Hit -50": 0.9903464448128215,
	"Stat Hit 100": 1.009038325842361,
	"Stat Hit 200": 1.009159445690916,
	"Stat Hit 50": 1.008175126141299,
	"Stat Pen -100": 0.9875753825871673,
	"Stat Pen -200": 0.9714173215176478,
	"Stat Pen -50": 0.994017916067386,
	"Stat Pen 100": 1.015690712642028,
	"Stat Pen 200": 1.030705853666784,
	"Stat Pen 50": 1.008151637176168,
	"Steel Echo": 1.037302148794749,
	"Stimulant": 1.014460683138619,
	"Stone's Throw": 1.064298447897116,
	"Subway Tokens": 1.022684280203469,
	"Twist The Knife": 1.064776654224656,
	"Violence": 1.009989491226394 
} 
