{
	"Abuse": 1.009350905137699,
	"Accurate": 1.011126789353236,
	"Aggression": 1.034156979940385,
	"Brawler": 1.054671915269215,
	"Elemental Force": 1.085143324242113,
	"Ferocious": 1.006166835442944,
	"Focused": 1.015806543217091,
	"Full Momentum": 1.05632236494119,
	"Grievous": 1.023775323778638,
	"Inspiring": 1.00562064136553,
	"Iron Maiden": 1.129469440233069,
	"Issue 1.5%": 1.015409106458915,
	"Kickback": 1.026411952812935,
	"Laceration": 1.086008774945139,
	"Live Wire": 1.174388430235712,
	"Mercurial": 1.045138309185238,
	"Molten Steel": 1.199408395837059,
	"Neck Egon": 0.972646110340746,
	"Neck QL11": 0.9498242487144806,
	"Neck WC": 0.9995595041489533,
	"One In The Chamber": 1.093876470043995,
	"Potion": 1.026369965442697,
	"Quickening": 1.003256146859013,
	"Reckless": 1.039951026409903,
	"Shockwave": 1.074941683683532,
	"Stat Crit -100": 0.9785082280648011,
	"Stat Crit -200": 0.9556513904505772,
	"Stat Crit -50": 0.9893331893963528,
	"Stat Crit 100": 1.019482878564679,
	"Stat Crit 200": 1.036332776244894,
	"Stat Crit 50": 1.008569920575511,
	"Stat CritPower -100": 0.9860205416696648,
	"Stat CritPower -200": 0.9708935028924291,
	"Stat CritPower -50": 0.9925284990249719,
	"Stat CritPower 100": 1.011342530978435,
	"Stat CritPower 200": 1.023978830810664,
	"Stat CritPower 50": 1.005899832287828,
	"Stat Hit -100": 0.9743919993596172,
	"Stat Hit -200": 0.9488529365444248,
	"Stat Hit -50": 0.9872536001479931,
	"Stat Hit 100": 1.010600059095283,
	"Stat Hit 200": 1.010297621829137,
	"Stat Hit 50": 1.009663119755887,
	"Stat Pen -100": 0.9804248502291308,
	"Stat Pen -200": 0.9615881720386953,
	"Stat Pen -50": 0.9896131964923656,
	"Stat Pen 100": 1.017051344989016,
	"Stat Pen 200": 1.033680743488921,
	"Stat Pen 50": 1.008351806554194,
	"Stimulant": 1.015971743977658,
	"Stone's Throw": 1.064329006466973,
	"Subway Tokens": 1.016868699612123,
	"Sudden Return": 1.079591471249699,
	"Tear Em Up": 1.05643664742959,
	"Third Degree": 1.07216255278988,
	"Violence": 1.011358011499846,
	"Woodcutters Wrath": 1.068101612988055 
} 
