{
	"Accurate": 1.009922960465954,
	"Aggression": 1.02354825660657,
	"Big 45": 1.000718091160455,
	"Bloodshot": 1.083645576883093,
	"Brutal": 1.01103032181998,
	"Bullet Ballet": 1.12696921006328,
	"Cannibalize": 1.025017175893311,
	"Elemental Force": 1.083168945624509,
	"Exsanguinate": 0.9995456777199661,
	"Fierce": 1.00253127319527,
	"Focused": 0.9990307548912374,
	"Fortunate Strike": 1.077503087661028,
	"Grievous": 1.033238120123128,
	"Inspiring": 1.002329727948691,
	"Iron Maiden": 1.118051400974731,
	"Issue 1.5%": 1.014080150480637,
	"Kickback": 1.029827313256116,
	"Laceration": 1.088758513571596,
	"Live Wire": 1.174215002596073,
	"Mercurial": 1.0387764269174,
	"Neck Egon": 0.9592878053558999,
	"Neck QL11": 0.9370656420679802,
	"Neck WC": 0.9999145171872357,
	"One In The Chamber": 1.082821166956954,
	"Potion": 1.017026309318727,
	"Sadism": 1.028025902853603,
	"Start & Finish": 1.019318797814445,
	"Stat Crit -100": 0.9855633327604671,
	"Stat Crit -200": 0.9691607830968779,
	"Stat Crit -50": 0.992210434233235,
	"Stat Crit 100": 1.01323658852435,
	"Stat Crit 200": 1.025678767176191,
	"Stat Crit 50": 1.007165926325933,
	"Stat CritPower -100": 0.9865224840399236,
	"Stat CritPower -200": 0.9724776048033965,
	"Stat CritPower -50": 0.9946607635488217,
	"Stat CritPower 100": 1.013814896329903,
	"Stat CritPower 200": 1.024285689272266,
	"Stat CritPower 50": 1.006931311574895,
	"Stat Hit -100": 0.9837592697482546,
	"Stat Hit -200": 0.963827138974663,
	"Stat Hit -50": 0.991862484480595,
	"Stat Hit 100": 1.01096787941984,
	"Stat Hit 200": 1.013411095323498,
	"Stat Hit 50": 1.006953517679325,
	"Stat Pen -100": 0.9831978075182222,
	"Stat Pen -200": 0.9656981029530137,
	"Stat Pen -50": 0.9925285014010229,
	"Stat Pen 100": 1.017739924668667,
	"Stat Pen 200": 1.03144267626651,
	"Stat Pen 50": 1.009442467512107,
	"Stimulant": 1.012688844909956,
	"Sudden Return": 1.074147873570863,
	"Third Degree": 1.070991010677087,
	"Tomes": 1.009005944245353,
	"Violence": 1.009647967138957,
	"Woodcutters Wrath": 1.082757412321539 
} 
