{
	"Accelerating": 1.011078497159822,
	"Accurate": 1.011256329404087,
	"Aggression": 1.039057633625276,
	"Bone Breaker": 0.9989977304572875,
	"Brutal": 1.012646782349598,
	"Bullet Ballet": 1.109406089932143,
	"Elemental Force": 1.080157938269567,
	"Fortunate Strike": 1.081203134235708,
	"Full Momentum": 1.052103897571214,
	"Grievous": 1.021858828232138,
	"Invulnerable": 0.9992258233510145,
	"Iron Maiden": 1.092022474563992,
	"Issue 1.5%": 1.014220545402795,
	"Kickback": 1.027091641063787,
	"Laceration": 1.069948816530802,
	"Live Wire": 1.165627647701623,
	"Mercurial": 1.025634301841251,
	"Molten Steel": 1.061997791891131,
	"Neck Egon": 0.9609436069691929,
	"Neck QL11": 0.9471619671287534,
	"Neck WC": 1.000874816036097,
	"One In The Chamber": 1.079119232308474,
	"Potion": 1.022555208986271,
	"Precise": 0.9993076934434348,
	"Sadism": 1.028730271465609,
	"Start & Finish": 1.019512296456611,
	"Stat Crit -100": 0.9818534409477364,
	"Stat Crit -200": 0.962336303725586,
	"Stat Crit -50": 0.990809347938465,
	"Stat Crit 100": 1.017468080776395,
	"Stat Crit 200": 1.033937746544586,
	"Stat Crit 50": 1.009648595705024,
	"Stat CritPower -100": 0.9875154647647084,
	"Stat CritPower -200": 0.9743126307627262,
	"Stat CritPower -50": 0.9941811634196521,
	"Stat CritPower 100": 1.013012462125717,
	"Stat CritPower 200": 1.023884531445926,
	"Stat CritPower 50": 1.006266624434175,
	"Stat Hit -100": 0.9856409431255102,
	"Stat Hit -200": 0.9634850739116786,
	"Stat Hit -50": 0.99689051285776,
	"Stat Hit 100": 1.001261107611414,
	"Stat Hit 200": 1.000031304642934,
	"Stat Hit 50": 1.000032147895657,
	"Stat Pen -100": 0.9875725669035298,
	"Stat Pen -200": 0.9719539314903808,
	"Stat Pen -50": 0.993847301881665,
	"Stat Pen 100": 1.013222943713768,
	"Stat Pen 200": 1.022907078847921,
	"Stat Pen 50": 1.007765290070305,
	"Stimulant": 1.013330558674809,
	"Stone's Throw": 1.028108888405795,
	"Subway Tokens": 1.020224293841294,
	"Sudden Return": 1.078800345136203,
	"Third Degree": 1.075886473383138,
	"Violence": 1.010106033850575,
	"Woodcutters Wrath": 1.071271396023579 
} 
