{
	"Accurate": 1.011819594320883,
	"Aggression": 1.014845155822256,
	"Bullet Ballet": 1.091251995542731,
	"Elemental Force": 1.075858651815097,
	"Ferocious": 1.000489533437484,
	"Fierce": 1.005914242974472,
	"Fire in the Hole": 1.000361914041472,
	"Focused": 1.013985637636259,
	"Fortunate Strike": 1.105106994648416,
	"Grievous": 1.017477939146392,
	"Iron Maiden": 1.106207165746922,
	"Issue 1.5%": 1.01473635810274,
	"Kickback": 1.03157798499174,
	"Laceration": 1.088861078670832,
	"Live Wire": 1.19688739734866,
	"Lock & Load": 1.045310734495265,
	"Mercurial": 1.036996398270411,
	"Neck Egon": 0.9542232296361615,
	"Neck QL11": 0.933516434071297,
	"Neck WC": 0.9995384209329671,
	"One In The Chamber": 1.095492354249905,
	"Piercing": 1.004106484171484,
	"Potion": 1.017416882222855,
	"Sadism": 1.038337514192283,
	"Shootout": 1.000520540041266,
	"Start & Finish": 1.052232401031419,
	"Stat Crit -100": 0.9854264334408717,
	"Stat Crit -200": 0.9697248536898503,
	"Stat Crit -50": 0.992126774792492,
	"Stat Crit 100": 1.012545050610081,
	"Stat Crit 200": 1.023247646047851,
	"Stat Crit 50": 1.007227430651824,
	"Stat CritPower -100": 0.9848171971014982,
	"Stat CritPower -200": 0.9697385771506976,
	"Stat CritPower -50": 0.9925770843248091,
	"Stat CritPower 100": 1.012284823010994,
	"Stat CritPower 200": 1.024365652367307,
	"Stat CritPower 50": 1.005385122481286,
	"Stat Hit -100": 0.9756488240496189,
	"Stat Hit -200": 0.9552493942878105,
	"Stat Hit -50": 0.9885964745957213,
	"Stat Hit 100": 0.9990282381953646,
	"Stat Hit 200": 0.9992087106667447,
	"Stat Hit 50": 0.9988767194094188,
	"Stat Pen -100": 0.9837794672177037,
	"Stat Pen -200": 0.9697999129415283,
	"Stat Pen -50": 0.9925476962527829,
	"Stat Pen 100": 1.013799208145242,
	"Stat Pen 200": 1.026944531663301,
	"Stat Pen 50": 1.006537925136451,
	"Stimulant": 1.013935172683954,
	"Subway Tokens": 1.020102272197453,
	"Sudden Return": 1.090647549795512,
	"Third Degree": 1.083673160897469,
	"Three Round Burst": 1.031233136307769,
	"Violence": 1.01077253673802,
	"Woodcutters Wrath": 1.085041889033926 
} 
