{
	"Accelerating": 1.031191682249609,
	"Accurate": 1.010697423966362,
	"Aggression": 1.017759496699039,
	"Anima Charge": 1.022561200241007,
	"Curing": 0.9993558286332304,
	"Elemental Force": 1.086925852818724,
	"Fire Manifestation": 1.08928359890663,
	"Flame Strike": 1.044536469918835,
	"Focused": 1.004534633643667,
	"Fortunate Strike": 1.07859598026905,
	"Grievous": 1.012121032452576,
	"Iron Maiden": 1.100083837440012,
	"Issue 1.5%": 1.014678031088002,
	"Kickback": 1.028525812656091,
	"Laceration": 1.082907060516799,
	"Lightning Manifestation": 1.047541826319795,
	"Live Wire": 1.133566102602271,
	"Neck Egon": 0.9683882244555684,
	"Neck QL11": 0.949489085450671,
	"Neck WC": 1.001359596411056,
	"One In The Chamber": 1.071829926672464,
	"Piercing": 1.003463122081202,
	"Potion": 1.013796205073576,
	"Power Line": 1.171936713876414,
	"Sadism": 1.028956618767856,
	"Salubrious": 1.00053673395052,
	"Start & Finish": 1.044632949117988,
	"Stat Crit -100": 0.9813271272441472,
	"Stat Crit -200": 0.9607555670585505,
	"Stat Crit -50": 0.990907772303439,
	"Stat Crit 100": 1.01744721753753,
	"Stat Crit 200": 1.035084148063563,
	"Stat Crit 50": 1.00937229129776,
	"Stat CritPower -100": 0.9873809852893985,
	"Stat CritPower -200": 0.9729341370125281,
	"Stat CritPower -50": 0.9945220885281107,
	"Stat CritPower 100": 1.012404160705365,
	"Stat CritPower 200": 1.023373336033403,
	"Stat CritPower 50": 1.006916360710639,
	"Stat Hit -100": 0.9785331616353181,
	"Stat Hit -200": 0.9563211242392421,
	"Stat Hit -50": 0.9885072753437779,
	"Stat Hit 100": 1.008449654083671,
	"Stat Hit 200": 1.007466339426459,
	"Stat Hit 50": 1.007942129636114,
	"Stat Pen -100": 0.9853335549098508,
	"Stat Pen -200": 0.9696661202188417,
	"Stat Pen -50": 0.9933430423948358,
	"Stat Pen 100": 1.014998065328221,
	"Stat Pen 200": 1.026026411117879,
	"Stat Pen 50": 1.007071693126772,
	"Stimulant": 1.01538758148909,
	"Subway Tokens": 1.01402981605321,
	"Sudden Return": 1.07630556601418,
	"Third Degree": 1.070005330733146,
	"Violence": 1.010584953030337,
	"Woodcutters Wrath": 1.069292211923329 
} 
