{
	"Abuse": 1.003644671193849,
	"Accurate": 1.011414013114829,
	"Aggression": 1.035353515364531,
	"Big 45": 1.00009885939215,
	"Brutal": 1.013360513938441,
	"Bullet Ballet": 1.125448826766817,
	"Cleaving": 1.005756388160237,
	"Elemental Force": 1.081152529994318,
	"Fortunate Strike": 1.098238104629922,
	"Grievous": 1.013979606832049,
	"Invulnerable": 1.000997977348222,
	"Iron Maiden": 1.1144652682376,
	"Issue 1.5%": 1.014966937153226,
	"Kickback": 1.030047838639214,
	"Laceration": 1.089824660729882,
	"Live Wire": 1.188692814189235,
	"Mercurial": 1.044580158211437,
	"Neck Egon": 0.9495685251769319,
	"Neck QL11": 0.9286025097396222,
	"Neck WC": 1.000298282007658,
	"One In The Chamber": 1.096144563487872,
	"Piercing": 1.004084082774249,
	"Potion": 1.017301267979893,
	"Precise": 1.00010024256551,
	"Reckless": 1.026423452165575,
	"Shootout": 0.9992081132742897,
	"Start & Finish": 1.040476372208629,
	"Stat Crit -100": 0.9850986373128062,
	"Stat Crit -200": 0.9699523458682403,
	"Stat Crit -50": 0.9926579931481256,
	"Stat Crit 100": 1.012703609330667,
	"Stat Crit 200": 1.024091798089601,
	"Stat Crit 50": 1.005783011368699,
	"Stat CritPower -100": 0.9872650751623467,
	"Stat CritPower -200": 0.9723803421021332,
	"Stat CritPower -50": 0.9931618174981667,
	"Stat CritPower 100": 1.012703719401171,
	"Stat CritPower 200": 1.025494465911338,
	"Stat CritPower 50": 1.006091016648614,
	"Stat Hit -100": 0.9775720261499361,
	"Stat Hit -200": 0.9557312371519104,
	"Stat Hit -50": 0.9883354345646439,
	"Stat Hit 100": 1.007168697242359,
	"Stat Hit 200": 1.006501641547897,
	"Stat Hit 50": 1.007036432273589,
	"Stat Pen -100": 0.9844257612954557,
	"Stat Pen -200": 0.9657070198761319,
	"Stat Pen -50": 0.991663216748804,
	"Stat Pen 100": 1.016388553084091,
	"Stat Pen 200": 1.030581090069415,
	"Stat Pen 50": 1.008438525665591,
	"Stimulant": 1.012082154384323,
	"Subway Tokens": 1.015361653589089,
	"Sudden Return": 1.085540070636647,
	"Tear Em Up": 1.078156600775843,
	"Third Degree": 1.080832510846295,
	"Violence": 1.010845031661957,
	"Woodcutters Wrath": 1.093273528743953 
} 
