{
	"Accurate": 1.011634947338083,
	"Amor Fati": 1.008545430263299,
	"Big 45": 1.000007763348712,
	"Bullet Ballet": 1.113765601060105,
	"Elemental Force": 1.065750943206698,
	"Focused": 1.014597718222606,
	"Fortunate Strike": 1.109135611802126,
	"Four Horsemen": 1.125218211743984,
	"Grievous": 1.012457959806994,
	"Invulnerable": 1.000967443873077,
	"Iron Maiden": 1.116641467338418,
	"Issue 1.5%": 1.01470782056044,
	"Kickback": 1.028659342920168,
	"Laceration": 1.08579317833229,
	"Live Wire": 1.189065144979784,
	"Mercurial": 1.041956565736524,
	"Neck Egon": 0.957167749382308,
	"Neck QL11": 0.9346561980414561,
	"Neck WC": 0.9994300783967927,
	"One In The Chamber": 1.106694948601408,
	"Opportunism": 1.034914794179955,
	"Piercing": 1.000967386318128,
	"Potion": 1.01460141476804,
	"Precise": 0.9990454246126116,
	"Pulling the Strings": 0.9993753254436282,
	"Sadism": 1.020383884246114,
	"Start & Finish": 1.025903131674091,
	"Stat Crit -100": 0.9861496347900991,
	"Stat Crit -200": 0.969959686427901,
	"Stat Crit -50": 0.9922280995063059,
	"Stat Crit 100": 1.011970375937661,
	"Stat Crit 200": 1.024695513068214,
	"Stat Crit 50": 1.006852401051581,
	"Stat CritPower -100": 0.9845687323453307,
	"Stat CritPower -200": 0.9695045237962648,
	"Stat CritPower -50": 0.9935824157511083,
	"Stat CritPower 100": 1.013608147104376,
	"Stat CritPower 200": 1.026708004821805,
	"Stat CritPower 50": 1.005734731274233,
	"Stat Hit -100": 0.9792608947694817,
	"Stat Hit -200": 0.958540248555227,
	"Stat Hit -50": 0.9893263326090022,
	"Stat Hit 100": 0.9995087446914258,
	"Stat Hit 200": 0.9996475521253751,
	"Stat Hit 50": 1.000493812889129,
	"Stat Pen -100": 0.982978179725553,
	"Stat Pen -200": 0.9648136295381797,
	"Stat Pen -50": 0.9908293370320036,
	"Stat Pen 100": 1.016244481355024,
	"Stat Pen 200": 1.031098675347599,
	"Stat Pen 50": 1.007410296969679,
	"Stimulant": 1.010814509927436,
	"Storms": 1.007278474797185,
	"Subway Tokens": 1.016370511857722,
	"Sudden Return": 1.098933243390338,
	"Third Degree": 1.08902292516758,
	"Violence": 1.010001908256902,
	"Woodcutters Wrath": 1.084394946581388 
} 
