{
	"Accurate": 1.010052798755056,
	"Aggression": 1.018105267022649,
	"Binding Wounds": 1.060505834207017,
	"Bond, Strong Bond": 0.9999609527984631,
	"Ferocious": 1.005480350082739,
	"Fierce": 1.01415988318652,
	"Focused": 1.006974003786721,
	"Fortunate Strike": 1.081657790290007,
	"Four Seasons": 1.141361465192266,
	"Grievous": 1.018972346071695,
	"Inspiring": 1.003232393525778,
	"Iron Maiden": 1.095646772215404,
	"Issue 1.5%": 1.014659272067552,
	"Kickback": 1.025776684955454,
	"Laceration": 1.074631820503119,
	"Live Wire": 1.155689398959563,
	"Mercurial": 1.029741703677443,
	"Neck Egon": 0.9720721848251286,
	"Neck QL11": 0.9457278199464234,
	"Neck WC": 1.000218459005096,
	"One In The Chamber": 1.075201246772328,
	"Opportunism": 1.025697253311818,
	"Potion": 1.019469033264426,
	"Sling Blade": 1.026555988877235,
	"Start & Finish": 1.097330776382975,
	"Stat Crit -100": 0.9836067255962858,
	"Stat Crit -200": 0.9668249438660765,
	"Stat Crit -50": 0.992758944160297,
	"Stat Crit 100": 1.015625794295975,
	"Stat Crit 200": 1.027755296952025,
	"Stat Crit 50": 1.007216516141102,
	"Stat CritPower -100": 0.9883479614219309,
	"Stat CritPower -200": 0.973623991574206,
	"Stat CritPower -50": 0.9948006622482918,
	"Stat CritPower 100": 1.011554530544471,
	"Stat CritPower 200": 1.022204814699616,
	"Stat CritPower 50": 1.006093699278999,
	"Stat Hit -100": 0.9777715565305438,
	"Stat Hit -200": 0.9555589325174896,
	"Stat Hit -50": 0.9895603262717199,
	"Stat Hit 100": 1.006723455968709,
	"Stat Hit 200": 1.006717907495499,
	"Stat Hit 50": 1.006702061087398,
	"Stat Pen -100": 0.986031218290055,
	"Stat Pen -200": 0.9722363389453879,
	"Stat Pen -50": 0.9937247544669295,
	"Stat Pen 100": 1.013243053379739,
	"Stat Pen 200": 1.026530871100096,
	"Stat Pen 50": 1.007332220915213,
	"Steel Echo": 1.030448836395128,
	"Stimulant": 1.013393083720717,
	"Subway Tokens": 1.015074310646956,
	"Sudden Return": 1.08312555862863,
	"Third Degree": 1.0768085892568,
	"Twist The Knife": 1.053292007908947,
	"Violence": 1.010225276920941,
	"Woodcutters Wrath": 1.072040582917249 
} 
