{
	"Abuse": 1.026302626656499,
	"Accurate": 1.011394357025868,
	"Aggression": 1.036538147314629,
	"Binding Wounds": 1.042839013233267,
	"Dancing Blade": 1.000344103473141,
	"Elemental Force": 1.080776129638129,
	"Equilibrium": 1.011642659733047,
	"Ferocious": 1.00420551186551,
	"Fierce": 1.007337193359769,
	"Focused": 1.001735953231382,
	"Fortunate Strike": 1.077066400328798,
	"Four Seasons": 1.172652665541419,
	"Grievous": 1.01572868684265,
	"Invulnerable": 1.011200384710776,
	"Iron Maiden": 1.078960344601122,
	"Issue 1.5%": 1.014727348904034,
	"Kickback": 1.032365485891863,
	"Laceration": 1.071160272052418,
	"Live Wire": 1.15111130678102,
	"Mercurial": 1.041209785488698,
	"Neck Egon": 0.9838309031585808,
	"Neck QL11": 0.965138703451437,
	"Neck WC": 0.9999397999383923,
	"One In The Chamber": 1.080678342922967,
	"Potion": 1.014080691777942,
	"Sling Blade": 1.018060639566819,
	"Stat Crit -100": 0.9825828681070908,
	"Stat Crit -200": 0.9637190544338285,
	"Stat Crit -50": 0.9917356355762532,
	"Stat Crit 100": 1.016083594917958,
	"Stat Crit 200": 1.029776360159095,
	"Stat Crit 50": 1.00814571473757,
	"Stat CritPower -100": 0.9850709405309579,
	"Stat CritPower -200": 0.9696858865378998,
	"Stat CritPower -50": 0.9918392959872014,
	"Stat CritPower 100": 1.013935691775061,
	"Stat CritPower 200": 1.025508147995398,
	"Stat CritPower 50": 1.007924213101585,
	"Stat Hit -100": 0.9813524781411612,
	"Stat Hit -200": 0.95853855007956,
	"Stat Hit -50": 0.9927675564600658,
	"Stat Hit 100": 1.000892293309161,
	"Stat Hit 200": 0.9996686621801725,
	"Stat Hit 50": 1.00009845045454,
	"Stat Pen -100": 0.987675064760222,
	"Stat Pen -200": 0.9767061844946672,
	"Stat Pen -50": 0.9939690437174521,
	"Stat Pen 100": 1.010445515466652,
	"Stat Pen 200": 1.020447922360121,
	"Stat Pen 50": 1.00606316692552,
	"Steel Echo": 1.032255850560883,
	"Stimulant": 1.014028273527993,
	"Subway Tokens": 1.021150223017107,
	"Sudden Return": 1.090092487995964,
	"Third Degree": 1.08331313844806,
	"Three Round Burst": 1.065334897596329,
	"Violence": 1.010286784564225,
	"Woodcutters Wrath": 1.052808185187707 
} 
