{
	"Accelerating": 1.004139182210182,
	"Accurate": 1.010714731253677,
	"Aggression": 1.038185818319473,
	"Bloodshot": 1.093234379633801,
	"Cannibalize": 1.021485372688026,
	"Elemental Force": 1.082853720670346,
	"Exsanguinate": 1.001150103579904,
	"Ferocious": 1.005702289659094,
	"Fierce": 1.00889836248591,
	"Focused": 1.005777129240953,
	"Fortunate Strike": 1.07381971971256,
	"Fury": 1.022131180721001,
	"Grievous": 1.030918111168403,
	"Iron Maiden": 1.107669084580253,
	"Issue 1.5%": 1.015306580719557,
	"Kickback": 1.032933753418796,
	"Laceration": 1.072317895059036,
	"Live Wire": 1.165090581021845,
	"Lock & Load": 1.023146272706236,
	"Mercurial": 1.014622902157324,
	"Neck Egon": 0.9636838411227361,
	"Neck QL11": 0.9434565430659991,
	"Neck WC": 1.000524858573926,
	"One In The Chamber": 1.0794273965597,
	"Potion": 1.015478835861222,
	"Shellshocker": 1.083763833396355,
	"Stat Crit -100": 0.9826339596059182,
	"Stat Crit -200": 0.9651702388363624,
	"Stat Crit -50": 0.9910812426923659,
	"Stat Crit 100": 1.015479952540033,
	"Stat Crit 200": 1.029061806052717,
	"Stat Crit 50": 1.008626585286528,
	"Stat CritPower -100": 0.9849138286384994,
	"Stat CritPower -200": 0.9703049278411987,
	"Stat CritPower -50": 0.993183329351494,
	"Stat CritPower 100": 1.013262392967039,
	"Stat CritPower 200": 1.026179450445407,
	"Stat CritPower 50": 1.006907340739313,
	"Stat Hit -100": 0.976992869525396,
	"Stat Hit -200": 0.9542651566705771,
	"Stat Hit -50": 0.9885912647340096,
	"Stat Hit 100": 1.002972964403662,
	"Stat Hit 200": 1.004561964314088,
	"Stat Hit 50": 1.004264886002709,
	"Stat Pen -100": 0.9839026249552567,
	"Stat Pen -200": 0.9686944509510456,
	"Stat Pen -50": 0.991507841370733,
	"Stat Pen 100": 1.014195033938106,
	"Stat Pen 200": 1.029058646976114,
	"Stat Pen 50": 1.005729688231142,
	"Stimulant": 1.015377139298297,
	"Subway Tokens": 1.019225324314032,
	"Sudden Return": 1.076814531500649,
	"Third Degree": 1.073131894106679,
	"Three Round Burst": 1.072688651869051,
	"Violence": 1.010454736365933,
	"Woodcutters Wrath": 1.076233887941276 
} 
