{
	"Abuse": 1.010843189094126,
	"Accelerating": 1.006930542749893,
	"Accurate": 1.010986429566379,
	"Aggression": 1.038564806824049,
	"Brutal": 1.012203157830827,
	"Elemental Force": 1.068114531360993,
	"Execution": 1.008702282103984,
	"Fierce": 1.003778119692224,
	"Focused": 1.013606047566946,
	"Fortunate Strike": 1.072211912891684,
	"Full Momentum": 1.048951256919402,
	"Iron Maiden": 1.102203207243315,
	"Kickback": 1.031128343649677,
	"Laceration": 1.089489836722813,
	"Live Wire": 1.167282601275037,
	"Lock & Load": 1.019673611344111,
	"Mercurial": 1.016977484767393,
	"Molten Steel": 1.15625377496076,
	"Neck Egon": 0.9708042033265989,
	"Neck QL11": 0.9557996046738102,
	"Neck WC": 1.000258708766768,
	"One In The Chamber": 1.083682777289115,
	"Piercing": 1.004930747782892,
	"Potion": 1.020125476268565,
	"Shellshocker": 1.079716701516233,
	"Stat Crit -100": 0.9851261271170858,
	"Stat Crit -200": 0.9662420593776128,
	"Stat Crit -50": 0.9907850957234312,
	"Stat Crit 100": 1.015206488029076,
	"Stat Crit 200": 1.028976842410015,
	"Stat Crit 50": 1.007640476707839,
	"Stat CritPower -100": 0.9852319374520255,
	"Stat CritPower -200": 0.968782466204079,
	"Stat CritPower -50": 0.9916008155068099,
	"Stat CritPower 100": 1.013947892864149,
	"Stat CritPower 200": 1.0271756474582,
	"Stat CritPower 50": 1.006129278894904,
	"Stat Hit -100": 0.9786671496297489,
	"Stat Hit -200": 0.953873390594648,
	"Stat Hit -50": 0.9893089335151701,
	"Stat Hit 100": 0.9996340438169188,
	"Stat Hit 200": 0.9987810391872328,
	"Stat Hit 50": 0.9990550460418356,
	"Stat Pen -100": 0.9849604958686262,
	"Stat Pen -200": 0.9686814199884296,
	"Stat Pen -50": 0.9928513141857686,
	"Stat Pen 100": 1.013950899132142,
	"Stat Pen 200": 1.027896809431579,
	"Stat Pen 50": 1.007318680071445,
	"Stimulant": 1.015253571302598,
	"Stone's Throw": 1.005484003766784,
	"Storms": 1.009135080503815,
	"Subway Tokens": 1.022450072801926,
	"Sudden Return": 1.077268078285112,
	"Third Degree": 1.072452802647929,
	"Three Round Burst": 1.087080392529832,
	"Violence": 1.011491468106556,
	"Woodcutters Wrath": 1.060976602038388 
} 
