{
	"Accurate": 1.010774099727061,
	"Aggression": 1.01850570975062,
	"Anima Charge": 1.042539215505255,
	"Elemental Force": 1.069438316017035,
	"Ferocious": 1.004020819905325,
	"Fire Manifestation": 1.047391310391634,
	"Flame Strike": 1.031405263339104,
	"Focused": 1.008037694266514,
	"Fortunate Strike": 1.076438945818688,
	"Grievous": 1.013499186962256,
	"Invulnerable": 1.000499462729068,
	"Iron Maiden": 1.106712434865555,
	"Issue 1.5%": 1.014841773053664,
	"Kickback": 1.030682183109106,
	"Laceration": 1.086649678036681,
	"Lightning Manifestation": 1.065770486755721,
	"Live Wire": 1.137084699482451,
	"Mercurial": 1.025194589438375,
	"Neck Egon": 0.9738892089625889,
	"Neck QL11": 0.9554113306856814,
	"Neck WC": 1.000192531912231,
	"One In The Chamber": 1.081764303728524,
	"Piercing": 1.004080044632001,
	"Potion": 1.019725076146569,
	"Power Line": 1.16405261126436,
	"Sadism": 1.028595353438409,
	"Stat Crit -100": 0.9830701776564164,
	"Stat Crit -200": 0.9656305958359642,
	"Stat Crit -50": 0.9917980940716408,
	"Stat Crit 100": 1.01534200916773,
	"Stat Crit 200": 1.027558222246997,
	"Stat Crit 50": 1.006566706804265,
	"Stat CritPower -100": 0.9842553667171362,
	"Stat CritPower -200": 0.9693517010661331,
	"Stat CritPower -50": 0.9932177569412812,
	"Stat CritPower 100": 1.012848897649306,
	"Stat CritPower 200": 1.026338614236249,
	"Stat CritPower 50": 1.006527306174745,
	"Stat Hit -100": 0.9772203927176483,
	"Stat Hit -200": 0.9563856562963816,
	"Stat Hit -50": 0.9886811186291922,
	"Stat Hit 100": 1.006628189035105,
	"Stat Hit 200": 1.007575708906425,
	"Stat Hit 50": 1.007202559379675,
	"Stat Pen -100": 0.9841547567257828,
	"Stat Pen -200": 0.9685189884433443,
	"Stat Pen -50": 0.9918711906083298,
	"Stat Pen 100": 1.014373468969523,
	"Stat Pen 200": 1.027061166911778,
	"Stat Pen 50": 1.006723257332506,
	"Stimulant": 1.01577918247869,
	"Subway Tokens": 1.015202347384068,
	"Sudden Return": 1.0806448894875,
	"Third Degree": 1.073958978376646,
	"Three Round Burst": 1.049264199216605,
	"Violence": 1.010772640756926,
	"Woodcutters Wrath": 1.062730790531526 
} 
