{
	"Accurate": 1.011204309968629,
	"Aggression": 1.013219274222424,
	"Amor Fati": 1.007654671567529,
	"Brutal": 1.011015918137105,
	"Eye of Pandemonium": 1.068356988872909,
	"Fierce": 1.004542479526079,
	"Focused": 1.0107882408833,
	"Fortunate Strike": 1.09072474842521,
	"Four Horsemen": 1.128306445173191,
	"Gnosis": 1.064093630781944,
	"Grievous": 1.013153503794902,
	"Invulnerable": 0.9999706135317422,
	"Iron Maiden": 1.10553233673691,
	"Issue 1.5%": 1.015608975847473,
	"Kickback": 1.029959444694503,
	"Laceration": 1.077369380069497,
	"Live Wire": 1.16478640026084,
	"Lock & Load": 1.048391234902459,
	"Mercurial": 1.037275420078028,
	"Neck Egon": 0.9746677550306643,
	"Neck QL11": 0.9528790572274064,
	"Neck WC": 0.9989099204153272,
	"One In The Chamber": 1.092436028587149,
	"Potion": 1.020818755671163,
	"Pulling the Strings": 0.9998285848111405,
	"Sadism": 1.033496291490501,
	"Stat Crit -100": 0.9836416823108025,
	"Stat Crit -200": 0.9662550710640847,
	"Stat Crit -50": 0.9923639608344087,
	"Stat Crit 100": 1.01535081691004,
	"Stat Crit 200": 1.028585835717587,
	"Stat Crit 50": 1.008359776694185,
	"Stat CritPower -100": 0.9848747695555979,
	"Stat CritPower -200": 0.9675819955386089,
	"Stat CritPower -50": 0.9927073380761514,
	"Stat CritPower 100": 1.013725951119336,
	"Stat CritPower 200": 1.027021373862426,
	"Stat CritPower 50": 1.006332361629064,
	"Stat Hit -100": 0.9876288411974954,
	"Stat Hit -200": 0.9689661242999458,
	"Stat Hit -50": 0.9938261994355834,
	"Stat Hit 100": 1.001937743325223,
	"Stat Hit 200": 1.002387300468512,
	"Stat Hit 50": 1.001655814930794,
	"Stat Pen -100": 0.9841206054462529,
	"Stat Pen -200": 0.9681280694236389,
	"Stat Pen -50": 0.9923176029582148,
	"Stat Pen 100": 1.013628375996364,
	"Stat Pen 200": 1.027620756674379,
	"Stat Pen 50": 1.00674276386495,
	"Stimulant": 1.014051824299476,
	"Storms": 1.01192105461071,
	"Sudden Return": 1.094924822095486,
	"Third Degree": 1.084656256272089,
	"Three Round Burst": 1.103238097373374,
	"Violence": 1.011250269530825,
	"Woodcutters Wrath": 1.066446957865808 
} 
