{
	"Accurate": 1.010824960834786,
	"Aggression": 1.02107678173764,
	"Elemental Force": 1.070198907441552,
	"Equilibrium": 1.004233029297259,
	"Ferocious": 1.006931932630985,
	"Fierce": 1.014228578187647,
	"Fortunate Strike": 1.079377877815091,
	"Grievous": 1.015801771832447,
	"Inspiring": 1.003503113008751,
	"Iron Maiden": 1.100536914344586,
	"Issue 1.5%": 1.014362315740502,
	"Kickback": 1.028155639584713,
	"Laceration": 1.07979438984547,
	"Live Wire": 1.163742806783447,
	"Lock & Load": 1.018817686617385,
	"Mercurial": 1.04301534561502,
	"Neck Egon": 0.9800978562078005,
	"Neck QL11": 0.9603606375745471,
	"Neck WC": 1.000124247555159,
	"One In The Chamber": 1.091547953575533,
	"Potion": 1.020832607233484,
	"Quickening": 1.005425474157718,
	"Reckless": 1.027706919494575,
	"Sadism": 1.028541655320244,
	"Shellshocker": 1.111927784352349,
	"Stat Crit -100": 0.9817878192768713,
	"Stat Crit -200": 0.9619426703439595,
	"Stat Crit -50": 0.9910875790447706,
	"Stat Crit 100": 1.017822473899386,
	"Stat Crit 200": 1.033277600135594,
	"Stat Crit 50": 1.008468615687489,
	"Stat CritPower -100": 0.9855366709039347,
	"Stat CritPower -200": 0.9667722197902735,
	"Stat CritPower -50": 0.993083463500436,
	"Stat CritPower 100": 1.014407419737964,
	"Stat CritPower 200": 1.026961233440568,
	"Stat CritPower 50": 1.007939376307665,
	"Stat Hit -100": 0.9773151605623196,
	"Stat Hit -200": 0.9550066773099101,
	"Stat Hit -50": 0.9887480875764345,
	"Stat Hit 100": 1.014208983882987,
	"Stat Hit 200": 1.014709389251222,
	"Stat Hit 50": 1.010389609503946,
	"Stat Pen -100": 0.9846639226585872,
	"Stat Pen -200": 0.9694639450639236,
	"Stat Pen -50": 0.9928960741501973,
	"Stat Pen 100": 1.013669173119192,
	"Stat Pen 200": 1.026112006850822,
	"Stat Pen 50": 1.00673911155143,
	"Stimulant": 1.014927818467183,
	"Subway Tokens": 1.011551594078013,
	"Sudden Return": 1.092109042433707,
	"Tear Em Up": 1.012710008965535,
	"Third Degree": 1.083669087167024,
	"Three Round Burst": 1.102075233087061,
	"Violence": 1.010248387281064,
	"Wild at Heart": 1.000234646666933,
	"Woodcutters Wrath": 1.055666790916377 
} 
