{
	"Abuse": 1.004680776053578,
	"Accelerating": 1.004284446094322,
	"Accurate": 1.009754029903456,
	"Aggression": 1.034221423530506,
	"Bombardment": 1.095027450005035,
	"Elemental Force": 1.071153912564474,
	"Ferocious": 1.006099303888061,
	"Fierce": 1.008548879097775,
	"Focused": 1.015026187093081,
	"Fortunate Strike": 1.067923571603072,
	"Grievous": 1.014184026403536,
	"Iron Maiden": 1.108559938974291,
	"Issue 1.5%": 1.013720193414292,
	"Kickback": 1.03219730312254,
	"Laceration": 1.089791698946968,
	"Live Wire": 1.164028523436502,
	"Lock, Stock & Barrel": 1.040987349915532,
	"Mercurial": 1.030024508997007,
	"Neck Egon": 0.9813051933947812,
	"Neck QL11": 0.9604858937033383,
	"Neck WC": 1.000588089296186,
	"One In The Chamber": 1.090641397980002,
	"Potion": 1.02097713150776,
	"Raging Bullet": 1.0026210827113,
	"Reckless": 1.030859903000599,
	"Stat Crit -100": 0.9830008146786624,
	"Stat Crit -200": 0.9640652122558746,
	"Stat Crit -50": 0.9914073620623224,
	"Stat Crit 100": 1.015869428494574,
	"Stat Crit 200": 1.03116758651507,
	"Stat Crit 50": 1.008006990940054,
	"Stat CritPower -100": 0.9834724221110864,
	"Stat CritPower -200": 0.9637614139075605,
	"Stat CritPower -50": 0.9922187133278926,
	"Stat CritPower 100": 1.016228547697716,
	"Stat CritPower 200": 1.031642119488254,
	"Stat CritPower 50": 1.008688206338359,
	"Stat Hit -100": 0.9848358498345431,
	"Stat Hit -200": 0.9638387757891317,
	"Stat Hit -50": 0.9936362332334093,
	"Stat Hit 100": 1.006504373376096,
	"Stat Hit 200": 1.006561685136278,
	"Stat Hit 50": 1.006123834398362,
	"Stat Pen -100": 0.9839317962756235,
	"Stat Pen -200": 0.9673396505912443,
	"Stat Pen -50": 0.9918143669652354,
	"Stat Pen 100": 1.015168304631112,
	"Stat Pen 200": 1.028003794138453,
	"Stat Pen 50": 1.008120526071609,
	"Stimulant": 1.015162520794694,
	"Sudden Return": 1.085040939516424,
	"Sure Shot": 1.019622748463759,
	"Tear Em Up": 1.059498791145307,
	"Third Degree": 1.079026554288389,
	"Violence": 1.009579999967619,
	"Woodcutters Wrath": 1.057169842754193 
} 
