{
	"Abuse": 1.006906044414783,
	"Accurate": 1.011385559474121,
	"Aggression": 1.031821913162605,
	"Binding Wounds": 1.074278369075765,
	"Brutal": 1.001770263181092,
	"Egon Pendant": 1.038293924101477,
	"Elemental Force": 1.076872809853532,
	"Equilibrium": 1.017650515268625,
	"Ferocious": 1.006635246666218,
	"Four Seasons": 1.202283738453295,
	"Grievous": 1.013538842497446,
	"Iron Maiden": 1.10639580056708,
	"Issue 1.5%": 1.014958034804065,
	"Kickback": 1.036927138745131,
	"Laceration": 1.095074316140468,
	"Live Wire": 1.135362350820115,
	"Lock, Stock & Barrel": 1.039943744672991,
	"Mercurial": 1.066734948248173,
	"Neck Egon": 1.000829023399567,
	"Neck QL11": 0.9773756377897516,
	"Neck WC": 0.9626675408245216,
	"One In The Chamber": 1.076634191786288,
	"Piercing": 1.017727498047149,
	"Potion": 1.022394600244786,
	"Quickening": 1.022478927596167,
	"Raging Bullet": 1.005010975364573,
	"Stat Crit -100": 0.9821420462899155,
	"Stat Crit -200": 0.960248012186155,
	"Stat Crit -50": 0.9912945247357287,
	"Stat Crit 100": 1.019075284799855,
	"Stat Crit 200": 1.0360616221695,
	"Stat Crit 50": 1.009682538419572,
	"Stat CritPower -100": 0.982163943079453,
	"Stat CritPower -200": 0.9628045549408394,
	"Stat CritPower -50": 0.9917913457746741,
	"Stat CritPower 100": 1.016667439148098,
	"Stat CritPower 200": 1.032349820582816,
	"Stat CritPower 50": 1.008579193528316,
	"Stat Hit -100": 0.978803118848055,
	"Stat Hit -200": 0.9539954941306535,
	"Stat Hit -50": 0.990141343297249,
	"Stat Hit 100": 1.006499804533896,
	"Stat Hit 200": 1.010775536341806,
	"Stat Hit 50": 1.002984977177098,
	"Stat Pen -100": 0.9830532488091384,
	"Stat Pen -200": 0.9647174495972822,
	"Stat Pen -50": 0.992050802320544,
	"Stat Pen 100": 1.016846205229063,
	"Stat Pen 200": 1.030788109400931,
	"Stat Pen 50": 1.008844158718331,
	"Steel Echo": 1.068797555028794,
	"Stimulant": 1.021677686908164,
	"Subway Tokens": 1.021650573661083,
	"Sudden Return": 1.071638471049573,
	"Sure Shot": 1.017886804044359,
	"Third Degree": 1.065984489998721,
	"Twist The Knife": 1.064397392147747,
	"Violence": 1.00924784586288 
} 
