{
	"Abuse": 1.005916174294184,
	"Accurate": 1.011304654625826,
	"Aggression": 1.033578043223902,
	"Amor Fati": 1.012640209580148,
	"Bombardment": 1.090941146792723,
	"Elemental Force": 1.08043115193112,
	"Ferocious": 1.005233554606347,
	"Fierce": 1.006779650323151,
	"Focused": 1.010050096699789,
	"Fortunate Strike": 1.088698800205578,
	"Four Horsemen": 1.093834433649972,
	"Grievous": 1.019445096558817,
	"Iron Maiden": 1.098608641003492,
	"Issue 1.5%": 1.015552138615269,
	"Kickback": 1.028464598618772,
	"Laceration": 1.080842170877474,
	"Live Wire": 1.1685782514548,
	"Lock, Stock & Barrel": 1.051125674172225,
	"Mercurial": 1.042041745131321,
	"Neck Egon": 0.9725072495420317,
	"Neck QL11": 0.9582450154040411,
	"Neck WC": 0.9999608447803252,
	"One In The Chamber": 1.093351516527569,
	"Potion": 1.02647199738145,
	"Raging Bullet": 1.051506462251798,
	"Salubrious": 0.9996493808587765,
	"Stat Crit -100": 0.9764965010126864,
	"Stat Crit -200": 0.9556935279227815,
	"Stat Crit -50": 0.9895374173388416,
	"Stat Crit 100": 1.019344250279947,
	"Stat Crit 200": 1.038559422966554,
	"Stat Crit 50": 1.009907960861076,
	"Stat CritPower -100": 0.9856610108763608,
	"Stat CritPower -200": 0.9694529273324941,
	"Stat CritPower -50": 0.9936098237243375,
	"Stat CritPower 100": 1.012668474377806,
	"Stat CritPower 200": 1.024146287419107,
	"Stat CritPower 50": 1.006283654051546,
	"Stat Hit -100": 0.9787797730803601,
	"Stat Hit -200": 0.9564456596694207,
	"Stat Hit -50": 0.9898429644980552,
	"Stat Hit 100": 0.9993845771280134,
	"Stat Hit 200": 1.000218313830304,
	"Stat Hit 50": 0.9999077133424159,
	"Stat Pen -100": 0.9859930274080519,
	"Stat Pen -200": 0.971190222521885,
	"Stat Pen -50": 0.9922864142156909,
	"Stat Pen 100": 1.011134676244942,
	"Stat Pen 200": 1.023023641302483,
	"Stat Pen 50": 1.006100311611567,
	"Stimulant": 1.01563351265426,
	"Subway Tokens": 1.01890641627427,
	"Sudden Return": 1.100133577664409,
	"Takedown": 1.005045663199154,
	"Third Degree": 1.091079044992107,
	"Violence": 1.012238255849106,
	"Woodcutters Wrath": 1.06045405833109 
} 
