{
	"Abuse": 1.004500414249116,
	"Accelerating": 1.008741564977759,
	"Accurate": 1.011296215192559,
	"Aggression": 1.040163095541707,
	"Bloodshot": 1.164682661071257,
	"Bombardment": 1.125017185169148,
	"Cannibalize": 1.022906813759668,
	"Elemental Force": 1.082565189525216,
	"Fierce": 1.024815574832293,
	"Focused": 1.009720326083536,
	"Grievous": 1.014037184815087,
	"Iron Maiden": 1.107079939113727,
	"Issue 1.5%": 1.015928033113505,
	"Kickback": 1.029228657736668,
	"Laceration": 1.092122306405432,
	"Left Hand of Darkness": 0.9998467437034565,
	"Lethality": 1.062652972622707,
	"Live Wire": 1.166766552254672,
	"Lock, Stock & Barrel": 1.020899936711982,
	"Mercurial": 1.030134574271723,
	"Neck Egon": 0.9415694813865157,
	"Neck QL11": 0.9222466844063137,
	"Neck WC": 1.000357905679354,
	"One In The Chamber": 1.075220199634154,
	"Potion": 1.014827090939533,
	"Quickening": 1.001972629503629,
	"Stat Crit -100": 0.9810446618652562,
	"Stat Crit -200": 0.9634568801571699,
	"Stat Crit -50": 0.9910271104727135,
	"Stat Crit 100": 1.01675478455207,
	"Stat Crit 200": 1.031490347541987,
	"Stat Crit 50": 1.008383119218417,
	"Stat CritPower -100": 0.9850302825828855,
	"Stat CritPower -200": 0.9703542561798753,
	"Stat CritPower -50": 0.992807241419809,
	"Stat CritPower 100": 1.012778433090428,
	"Stat CritPower 200": 1.025846028355316,
	"Stat CritPower 50": 1.006374619966286,
	"Stat Hit -100": 0.9780031083178844,
	"Stat Hit -200": 0.9531810615341773,
	"Stat Hit -50": 0.9900341331917888,
	"Stat Hit 100": 0.9994399942615867,
	"Stat Hit 200": 0.999366704801346,
	"Stat Hit 50": 1.000094013121296,
	"Stat Pen -100": 0.9841652645158362,
	"Stat Pen -200": 0.9688967272430982,
	"Stat Pen -50": 0.9917235499249127,
	"Stat Pen 100": 1.014064972362959,
	"Stat Pen 200": 1.028725064315097,
	"Stat Pen 50": 1.007179727566505,
	"Stimulant": 1.01592169702399,
	"Subway Tokens": 1.023153128082198,
	"Sudden Return": 1.064811377087219,
	"Sure Shot": 1.074421734697762,
	"Tomes": 1.009621054369573,
	"Twist The Knife": 1.061824271983277,
	"Violence": 1.011060539040026,
	"Woodcutters Wrath": 1.100915293431678 
} 
