{
	"Abuse": 1.006831201876524,
	"Accelerating": 1.013482526554321,
	"Accurate": 1.011238974069596,
	"Aggression": 1.041176505054933,
	"Bombardment": 1.11104649645423,
	"Brutal": 1.0146004597237,
	"Elemental Force": 1.073355020575226,
	"Fierce": 1.01005168300674,
	"Focused": 1.008099966943379,
	"Fortunate Strike": 1.074284970799268,
	"Grievous": 1.013719973297709,
	"Iron Maiden": 1.113031062286072,
	"Issue 1.5%": 1.01504014032895,
	"Kickback": 1.030793752059491,
	"Laceration": 1.090211190187044,
	"Live Wire": 1.175807545092463,
	"Lock & Load": 1.05139218510629,
	"Lock, Stock & Barrel": 1.043832961954035,
	"Mercurial": 1.027680083296922,
	"Neck Egon": 0.9649918276444669,
	"Neck QL11": 0.9457216590219976,
	"Neck WC": 0.9999421917298447,
	"One In The Chamber": 1.082506262192111,
	"Potion": 1.020565749542726,
	"Raging Bullet": 1.103736247505069,
	"Stat Crit -100": 0.983032470124938,
	"Stat Crit -200": 0.9656855920386324,
	"Stat Crit -50": 0.9928612141592918,
	"Stat Crit 100": 1.015886581713877,
	"Stat Crit 200": 1.02884228852699,
	"Stat Crit 50": 1.008111374546646,
	"Stat CritPower -100": 0.9860003407581578,
	"Stat CritPower -200": 0.9686413308922542,
	"Stat CritPower -50": 0.9935574557692339,
	"Stat CritPower 100": 1.014404110702223,
	"Stat CritPower 200": 1.025804499854362,
	"Stat CritPower 50": 1.00701020914739,
	"Stat Hit -100": 0.9785103304410419,
	"Stat Hit -200": 0.9540993344075334,
	"Stat Hit -50": 0.9903033803442659,
	"Stat Hit 100": 0.9995671407193329,
	"Stat Hit 200": 1.000383000326816,
	"Stat Hit 50": 1.000587411569945,
	"Stat Pen -100": 0.9832286110525656,
	"Stat Pen -200": 0.9671263994514739,
	"Stat Pen -50": 0.9918131370889581,
	"Stat Pen 100": 1.016185835089797,
	"Stat Pen 200": 1.031726528439861,
	"Stat Pen 50": 1.008216165179381,
	"Stimulant": 1.013416332030627,
	"Subway Tokens": 1.022070413256151,
	"Sudden Return": 1.075281528592082,
	"Takedown": 1.004559682922676,
	"Third Degree": 1.073706607924978,
	"Three Round Burst": 1.123469062050419,
	"Violence": 1.010366480342865,
	"Woodcutters Wrath": 1.074237447887812 
} 
