{
	"Abuse": 1.006546104008165,
	"Accurate": 1.011372713454472,
	"Aggression": 1.030684920746901,
	"Brutal": 1.010708929204001,
	"Egon Pendant": 1.03472421334778,
	"Elemental Force": 1.073674091775575,
	"Ferocious": 1.003806037535038,
	"Fire Manifestation": 1.045065378078107,
	"Flame Strike": 1.02249763090557,
	"Focused": 1.006217407209101,
	"Grievous": 1.01563315645148,
	"Inspiring": 1.003184759689594,
	"Iron Maiden": 1.128736466137341,
	"Issue 1.5%": 1.01466071929539,
	"Kickback": 1.036158825108447,
	"Laceration": 1.098974034355919,
	"Lethality": 1.056085779845641,
	"Lightning Manifestation": 1.061257641290351,
	"Live Wire": 1.133070293708397,
	"Lock, Stock & Barrel": 1.049879938251337,
	"Mercurial": 1.036974547551304,
	"Neck Egon": 0.9989951193387233,
	"Neck QL11": 0.9814333020977445,
	"Neck WC": 0.9646977525392402,
	"One In The Chamber": 1.079030930918056,
	"Potion": 1.024453074796681,
	"Power Line": 1.188072499955105,
	"Raging Bullet": 1.100787735765117,
	"Stat Crit -100": 0.979480330675443,
	"Stat Crit -200": 0.9555282732030747,
	"Stat Crit -50": 0.9888209560750026,
	"Stat Crit 100": 1.018654579337413,
	"Stat Crit 200": 1.035836081357892,
	"Stat Crit 50": 1.009186075302075,
	"Stat CritPower -100": 0.9816540002738436,
	"Stat CritPower -200": 0.9595488639403954,
	"Stat CritPower -50": 0.9911833297110431,
	"Stat CritPower 100": 1.016004667024818,
	"Stat CritPower 200": 1.031721952892275,
	"Stat CritPower 50": 1.008413961520075,
	"Stat Hit -100": 0.9745794499095849,
	"Stat Hit -200": 0.9493679957848982,
	"Stat Hit -50": 0.9870544704166072,
	"Stat Hit 100": 1.019858167592094,
	"Stat Hit 200": 1.024159485700525,
	"Stat Hit 50": 1.009805479291423,
	"Stat Pen -100": 0.9807431043835171,
	"Stat Pen -200": 0.9602465103504485,
	"Stat Pen -50": 0.9903315231641372,
	"Stat Pen 100": 1.015849773172391,
	"Stat Pen 200": 1.030695333255763,
	"Stat Pen 50": 1.008374629162951,
	"Stimulant": 1.015711465441764,
	"Subway Tokens": 1.012296079870455,
	"Sudden Return": 1.0652764557737,
	"Third Degree": 1.063021231013866,
	"Violence": 1.011472523776439 
} 
