{
	"Accurate": 1.011305356017173,
	"Aggression": 1.040132877540779,
	"Bombardment": 1.096580629766682,
	"Bond, Strong Bond": 0.9997674295632952,
	"Brutal": 1.013309224017648,
	"Elemental Force": 1.07480754619089,
	"Ferocious": 0.9990597166998696,
	"Focused": 1.00868760763966,
	"Fortunate Strike": 1.08347249386105,
	"Grievous": 1.014548037788084,
	"Iron Maiden": 1.104833355320422,
	"Issue 1.5%": 1.014409109648075,
	"Kickback": 1.033254828157987,
	"Laceration": 1.089657344818073,
	"Live Wire": 1.184542636428382,
	"Lock, Stock & Barrel": 1.053268130274246,
	"Mercurial": 1.044190972799819,
	"Neck Egon": 0.9583541612797332,
	"Neck QL11": 0.9415017819963866,
	"Neck WC": 1.000420184069623,
	"One In The Chamber": 1.086781280510376,
	"Piercing": 1.004446803555785,
	"Potion": 1.014857870690201,
	"Raging Bullet": 1.018886700119519,
	"Shards": 1.003347419442381,
	"Start & Finish": 1.102233412043474,
	"Stat Crit -100": 0.9845638091974351,
	"Stat Crit -200": 0.9671482722941933,
	"Stat Crit -50": 0.9924339762454275,
	"Stat Crit 100": 1.015968439836292,
	"Stat Crit 200": 1.027824645761295,
	"Stat Crit 50": 1.00792357414317,
	"Stat CritPower -100": 0.9843544138210573,
	"Stat CritPower -200": 0.9679569093591323,
	"Stat CritPower -50": 0.9927415181821493,
	"Stat CritPower 100": 1.013932649597487,
	"Stat CritPower 200": 1.028097771720999,
	"Stat CritPower 50": 1.007843344353597,
	"Stat Hit -100": 0.977896359063223,
	"Stat Hit -200": 0.9541777435121204,
	"Stat Hit -50": 0.9898681117511351,
	"Stat Hit 100": 0.9997413216337465,
	"Stat Hit 200": 1.001249291529305,
	"Stat Hit 50": 1.000489608349627,
	"Stat Pen -100": 0.9857306598946075,
	"Stat Pen -200": 0.9678890854117429,
	"Stat Pen -50": 0.9930482345519994,
	"Stat Pen 100": 1.014527117475082,
	"Stat Pen 200": 1.028017351112552,
	"Stat Pen 50": 1.00670247790252,
	"Stimulant": 1.015899296141244,
	"Subway Tokens": 1.020561325392248,
	"Sudden Return": 1.081241951934549,
	"Sure Shot": 1.00452823941627,
	"Third Degree": 1.078509097632974,
	"Violence": 1.009708085800842,
	"Woodcutters Wrath": 1.079025491824187 
} 
