{
	"Abuse": 1.005146725896767,
	"Accurate": 1.012544369496857,
	"Aggression": 1.028385943677708,
	"Bombardment": 1.112608250466522,
	"Brawler": 1.057201437793293,
	"Coney Island Band": 1.096250367600358,
	"Curing": 1.046751682096497,
	"Egon Pendant": 1.041727315156926,
	"Elemental Force": 1.08289714278846,
	"Equilibrium": 1.02225478820072,
	"Fierce": 1.019773565141288,
	"Finger QL11": 0.9985354706118812,
	"Focused": 1.011046152310583,
	"Full Momentum": 1.054810193851079,
	"Grievous": 1.027404715087499,
	"Invulnerable": 1.003112108536525,
	"Iron Maiden": 1.090124874779436,
	"Issue 1.5%": 1.014227659163838,
	"Kickback": 1.03210148240982,
	"Laceration": 1.088682528738868,
	"Lethality": 1.066034181763408,
	"Live Wire": 1.15376095237197,
	"Lock, Stock & Barrel": 1.068601817450788,
	"Mercurial": 1.052790268467105,
	"Molten Steel": 1.242892615798889,
	"Neck Egon": 1.000695528273038,
	"Neck QL11": 0.97530133562651,
	"Neck WC": 0.9650947830141227,
	"One In The Chamber": 1.085180901099135,
	"Potion": 1.019156787018379,
	"Stat Crit -100": 0.9770252078415241,
	"Stat Crit -200": 0.953613302677868,
	"Stat Crit -50": 0.9890772914054385,
	"Stat Crit 100": 1.021439619897643,
	"Stat Crit 200": 1.040350947601135,
	"Stat Crit 50": 1.01145039903808,
	"Stat CritPower -100": 0.9812768411756196,
	"Stat CritPower -200": 0.9594421237168947,
	"Stat CritPower -50": 0.9911412268101242,
	"Stat CritPower 100": 1.017339695130947,
	"Stat CritPower 200": 1.033635629874413,
	"Stat CritPower 50": 1.009605295080019,
	"Stat Hit -100": 0.9763073191276824,
	"Stat Hit -200": 0.9475167129789462,
	"Stat Hit -50": 0.9893363855434303,
	"Stat Hit 100": 1.010622783095006,
	"Stat Hit 200": 1.010183148563955,
	"Stat Hit 50": 1.009655406380802,
	"Stat Pen -100": 0.9839272326408292,
	"Stat Pen -200": 0.9651162989875472,
	"Stat Pen -50": 0.9926974136829937,
	"Stat Pen 100": 1.014159175358436,
	"Stat Pen 200": 1.028001997798452,
	"Stat Pen 50": 1.008079265696364,
	"Stimulant": 1.017441408628765,
	"Stone's Throw": 1.053014849923918,
	"Subway Tokens": 1.021422365794811,
	"Sure Shot": 1.076904979259915,
	"Twist The Knife": 1.063083051746072,
	"Violence": 1.012263636020388 
} 
